id;user_id;role;created_at;updated_at
655bb6a1-e205-4707-90b4-b30de5c2d252;84fcb2d9-9439-4c1d-952f-091129893799;member;2026-01-24 14:33:14.123699+00;2026-01-31 17:59:11.109001+00
71a8387d-cad4-4231-a866-cf2881afd805;e314086a-f155-48f7-8a75-cd5d39efc610;member;2026-01-24 14:33:14.123699+00;2026-01-24 14:33:14.123699+00
5be6fc5c-b5d4-4ca4-9891-2b52b41ea8e6;671503d5-46f6-44c2-8e2a-ef2fb0bfa696;member;2026-01-24 14:33:14.123699+00;2026-01-24 14:33:14.123699+00
7183ccfc-8e65-4e2a-a825-3c61a5a1482f;47d93ecb-9944-4222-a012-e06f00ab9b8c;member;2026-02-01 03:35:17.23728+00;2026-02-01 03:35:17.23728+00
9b65222c-d399-4ee1-b1c2-dfafa4dfa85f;57718cf6-92e7-4bfb-b8fe-71ad6478739a;member;2026-02-01 03:35:17.62794+00;2026-02-01 03:35:17.62794+00
7949eb8d-8d83-4546-801a-2f4fd0bc1976;6787dd08-442d-4097-abda-cad0dc156874;member;2026-02-01 03:35:18.071247+00;2026-02-01 03:35:18.071247+00
056e9745-1488-420e-8c4b-3581be993cc7;71ad8336-700e-41c9-bd5a-5fcf77719fbb;member;2026-01-27 08:31:29.686655+00;2026-01-27 08:31:29.686655+00
a9488a07-11fe-41c4-bea0-e7e3c3fa6086;72034346-2c03-4c5f-90b9-14bfaa5b5cda;member;2026-02-01 03:35:19.842417+00;2026-02-01 03:35:19.842417+00
64b6ab2c-6eff-4c61-a00f-f48033f87364;2c6a4eba-6f07-46db-a4c9-24bcc5bd21a7;member;2026-01-27 08:31:43.552785+00;2026-01-27 08:31:43.552785+00
7722df0a-3030-4eb8-904c-0e125d0b3663;33135714-8685-4984-8cc5-a00a0f10a53d;member;2026-01-27 08:31:47.506556+00;2026-01-27 08:31:47.506556+00
1d57a384-d48f-4484-a37c-3b2c305fa85a;dd58ff46-9fcd-4127-91dd-891b20396927;member;2026-01-27 08:32:15.623736+00;2026-01-27 08:32:15.623736+00
1a09e462-9bc7-4f31-b362-a74b94529fc8;01d27fec-c944-4eae-9cb6-c11684e4f9f7;member;2026-02-01 03:35:21.62791+00;2026-02-01 03:35:21.62791+00
b16dd8f1-f48e-4584-95f2-973583ae6ccf;851c257d-1c8e-405e-8352-a8864e4e8940;member;2026-02-01 03:35:22.717484+00;2026-02-01 03:35:22.717484+00
dc624d11-7fb3-476a-8354-45b57e1c9d79;46c6ee0d-d5c9-4048-9d9f-33db81fa2a95;member;2026-02-01 03:35:24.178386+00;2026-02-01 03:35:24.178386+00
efa23081-1ad2-44fa-b220-c4f9f977bb80;85c861dc-b383-491e-8ff3-5dad4cdde8d5;member;2026-02-01 03:35:24.509036+00;2026-02-01 03:35:24.509036+00
e76f3bf7-e3f1-4566-bc34-c89ab2839ecd;55272b1b-0ff3-44fe-a385-7bb0c92f4f8e;member;2026-02-01 03:35:24.757449+00;2026-02-01 03:35:24.757449+00
6aa5adfb-e6fd-41be-9807-1d2ddba9b348;f4c2b97a-c0d4-4df6-8e1f-79eb9b3a9b7d;member;2026-01-28 09:02:21.748213+00;2026-01-28 09:02:21.748213+00
39f46a9a-26d5-402a-970e-8471e5017f99;f9e05e4e-cf50-4aea-998b-b9031cf83ab0;member;2026-01-28 12:15:57.150059+00;2026-01-28 12:15:57.150059+00
76fb3915-ee94-4feb-9b8c-90cfddd7d343;85161348-0deb-4d08-bd0f-a9df7668c9bc;member;2026-01-28 12:15:57.300694+00;2026-01-28 12:15:57.300694+00
a85fbf3b-d9ef-490f-bd30-597094b5e427;c8add5b6-b13d-4264-9513-f9fcaa393510;member;2026-01-28 12:15:58.020692+00;2026-01-28 12:15:58.020692+00
f77c1eb3-134a-49cf-9d26-640d3b522264;d7c1e26b-55f6-49a5-9eae-91bd0cd381b3;member;2026-01-28 12:15:58.246437+00;2026-01-28 12:15:58.246437+00
9ca63ff7-eec5-49f3-8425-d0e36027b3f6;eea5fabc-0c29-41ad-b935-314a89c41346;member;2026-01-28 12:15:59.603094+00;2026-01-28 12:15:59.603094+00
89858f6a-4e3a-4f52-b5c8-ab4775d4567e;684b2ed5-6efd-49be-829d-31c92ba3a115;member;2026-01-28 12:16:00.087866+00;2026-01-28 12:16:00.087866+00
6c8e130b-1ade-480b-8a4f-3f062bf3228f;5f46da30-a790-4b3e-8992-a497e27b134d;member;2026-01-28 12:16:00.264504+00;2026-01-28 12:16:00.264504+00
faeaac63-375e-4c90-9180-7b2be0dc5625;f6729eef-2e09-4677-9bd6-9bc838117028;member;2026-01-28 12:16:00.832091+00;2026-01-28 12:16:00.832091+00
86c734d1-8f58-4535-b622-9940a3ddea89;02c18324-b819-43b8-8021-6b8e65a335de;member;2026-01-28 12:16:02.572908+00;2026-01-28 12:16:02.572908+00
2f421564-8b89-490b-9ef1-e666df121a7c;727f4790-7222-4870-86aa-0e9ade8f6546;member;2026-01-28 12:16:03.973126+00;2026-01-28 12:16:03.973126+00
bb87f031-45fc-4226-a491-be934e2b089d;f27ac282-2545-45ea-9c77-20dc035f5d29;member;2026-02-01 03:35:24.992834+00;2026-02-01 03:35:24.992834+00
48ecbce1-ad38-4209-8ca7-bfc985e57a37;f74c2d8c-5efc-426c-a103-e2fb842b7f05;member;2026-01-28 12:16:05.964046+00;2026-01-28 12:16:05.964046+00
ff86fa0d-9d60-4a0b-83be-52f6cf5acd02;8354c17e-b6f4-4899-85a5-c42d6e222761;member;2026-02-01 03:35:26.572246+00;2026-02-01 03:35:26.572246+00
f1719334-7193-4082-ba67-e0136605b2dd;578dd4a2-ebd9-486a-95f5-88b27d920c4b;member;2026-01-28 12:16:09.415517+00;2026-01-28 12:16:09.415517+00
d3a0660c-989c-48c6-bd0e-99aa8cb160cb;0b4d37a5-9cdc-45e3-a487-2b9c0c598f53;member;2026-02-01 03:35:26.831917+00;2026-02-01 03:35:26.831917+00
517f0d91-5b4b-42d4-a0d2-87b34a72f6b8;14c852d7-e230-47ea-80cb-0b4733aa9729;member;2026-02-01 03:35:27.259621+00;2026-02-01 03:35:27.259621+00
7ca3dd1c-4b3d-4230-85de-35ea4f3e0be9;8e606a24-351a-43e7-ab81-c58884c48b36;member;2026-01-28 12:16:16.651658+00;2026-01-28 12:16:16.651658+00
92dce6d2-8688-4842-920f-72d577297846;aad28646-3b1b-4ced-8713-84e18e7c2d8b;member;2026-02-01 03:35:28.559909+00;2026-02-01 03:35:28.559909+00
13de36ae-d533-4d88-800c-109ccc240f56;157fdd7b-fb79-4822-b785-afcf99f46b1e;member;2026-01-28 12:16:18.852698+00;2026-01-28 12:16:18.852698+00
57587330-db33-47b6-9124-1343c42d484a;9da4dfdb-5517-4f0e-af93-5b8d85a350d0;member;2026-01-28 12:16:19.861474+00;2026-01-28 12:16:19.861474+00
e026e807-03d8-440d-a8ba-32f9c56caad9;70b9ed10-e91f-4336-a3d9-bf4f2fec50cd;member;2026-02-01 03:35:29.864917+00;2026-02-01 03:35:29.864917+00
21ae0512-42ce-44f0-afd7-99ac9b1bc3c6;07aabea7-5961-4cb8-bfe9-7d5982c68d5f;member;2026-02-01 03:35:30.017162+00;2026-02-01 03:35:30.017162+00
646d4251-125b-4415-b4ab-530da1f1fd2c;a99dfcd7-bc56-42dd-8280-0e0b26e59856;member;2026-02-01 03:35:30.222952+00;2026-02-01 03:35:30.222952+00
28c60182-5c88-450b-9cdd-95bd7d585c52;a72bfbe0-c2e3-4cb7-814f-a8170b433771;member;2026-02-01 03:35:30.307647+00;2026-02-01 03:35:30.307647+00
6f3eb663-f135-499a-bf0e-b023d8996ab1;3ddd41d6-19ea-4e92-8684-cb59c0a2aea5;member;2026-01-28 12:16:30.886096+00;2026-01-28 12:16:30.886096+00
0662cf29-1e2e-4aa0-8c21-e0b75502cab3;0a8303c2-a50a-45c4-aea8-7b27d0c945b0;member;2026-02-01 03:35:30.455698+00;2026-02-01 03:35:30.455698+00
80f8c43d-c028-4278-a264-c6924ce5214f;453ca9ed-497b-44bc-bf32-7e20d31acfb3;member;2026-02-01 03:35:31.257997+00;2026-02-01 03:35:31.257997+00
eaf017a2-1bd2-4fda-9c26-25e219d24dec;793d4876-2224-40c3-8908-5a74655558c6;member;2026-01-28 12:16:45.013463+00;2026-01-28 12:16:45.013463+00
84eb5c57-b256-4f29-b616-92ebaf52c29a;d1a144f0-76e6-46e9-ac7a-6bafb532a37b;member;2026-02-01 03:35:32.274222+00;2026-02-01 03:35:32.274222+00
70b19b1a-3e2d-4640-802b-0aefc0f89236;ea9a3fc8-55d3-4bd4-811f-522567fef621;member;2026-02-01 03:35:32.582844+00;2026-02-01 03:35:32.582844+00
23124ceb-b341-4394-b9d8-f61d07bc0a17;d541ce6d-09a1-4e7c-9dc1-7ac6ae21f6d2;member;2026-02-01 03:35:34.840482+00;2026-02-01 03:35:34.840482+00
8d72fdf9-d051-4d11-92b1-f4c901341b48;af997d6f-cf0f-4336-8545-b0bfa5de8dc5;member;2026-02-01 03:35:36.403194+00;2026-02-01 03:35:36.403194+00
32d1635d-c477-4463-9af6-de29d59c5911;c2fef5ee-b407-40b6-9a57-b42503473ea4;member;2026-02-01 03:35:39.591848+00;2026-02-01 03:35:39.591848+00
f09e5171-fb78-4904-ba59-b46f977b512a;cf8d01e4-c366-49c5-aade-111a33f04e01;member;2026-02-01 03:35:39.896871+00;2026-02-01 03:35:39.896871+00
b6ec9863-289a-49c1-8c39-4dd60d992662;57d92dc4-b347-487c-aefb-adce2a7f5744;member;2026-01-28 12:16:56.393239+00;2026-01-28 12:16:56.393239+00
a7907c47-bbcc-480a-b55f-c3147f2e75b2;c3ba7297-2476-4521-9aca-ff35d53dbf82;member;2026-02-01 03:35:41.463086+00;2026-02-01 03:35:41.463086+00
ea09e56e-7d14-47c4-8050-8309e80e5fd7;201fb4f4-dc01-42fe-8903-df0edbab30ad;member;2026-02-01 03:35:42.042078+00;2026-02-01 03:35:42.042078+00
819bc9da-2bda-471c-9786-0f58321911e9;0a9f9b72-8792-46bb-a6c6-a1436a51ed21;member;2026-02-01 03:35:43.065433+00;2026-02-01 03:35:43.065433+00
c52e5cfd-9ebf-4b5a-b35c-c4dfc88b64c1;4a25bdcc-1a7c-49a7-ac41-11bf214b7521;member;2026-01-28 12:16:59.567076+00;2026-01-28 12:16:59.567076+00
6dd67cef-388e-4143-ad28-e9c33fac8dfa;bb4c3b26-ff71-4b3e-a593-9a9cf259f168;member;2026-01-28 12:16:59.67255+00;2026-01-28 12:16:59.67255+00
dc0f6a79-bcd4-4676-afda-28c244c6d5d3;9b4c29d2-74ab-4498-bf87-b68b69e4b50e;member;2026-01-28 12:16:59.671128+00;2026-01-28 12:16:59.671128+00
07c58a64-ecc6-4627-b236-8d69fe87fafd;eea3e48f-3d42-4a6b-9009-460d55a74d5d;member;2026-02-01 03:35:44.483925+00;2026-02-01 03:35:44.483925+00
f414d21b-553b-452f-ad06-64dc29ef31b6;9b450eb5-93d9-4f44-a0cc-074d98ddafc1;member;2026-02-01 03:35:45.020491+00;2026-02-01 03:35:45.020491+00
1007b379-8afa-4790-8459-250974bf6558;3f57ac41-37aa-4a06-a4de-d5801e3b8a73;member;2026-02-01 03:35:45.611509+00;2026-02-01 03:35:45.611509+00
9e123418-5fc2-432f-9d58-bd5080795a8a;0d54fa15-1aa6-4357-b772-fbf9613d71c1;member;2026-02-01 03:35:45.739031+00;2026-02-01 03:35:45.739031+00
294f89e9-76dc-4fa8-80f5-3d5ee3b583c2;665e973a-6edd-4f9a-a1d2-50468db5323c;member;2026-01-28 12:17:35.723527+00;2026-01-28 12:17:35.723527+00
083b36f2-f4eb-49c6-ba70-527621b754a8;4e70dc04-f3d4-4a6a-b8cf-f8ca6381d108;member;2026-02-01 03:35:47.673552+00;2026-02-01 03:35:47.673552+00
27fd9d13-8611-4069-9236-9e69268a01be;d249dd58-4316-4391-a7d4-b47ce9851f58;member;2026-02-01 03:35:50.08441+00;2026-02-01 03:35:50.08441+00
be1541fa-918f-4748-83e8-177424fdcace;3b62b3ae-23fc-465c-aac0-f6f9480bd410;member;2026-02-01 03:35:51.179238+00;2026-02-01 03:35:51.179238+00
dc340429-078b-4d65-8252-f45b5a938bc5;abbbd7f0-f719-433f-a9e2-156e48743acd;member;2026-02-01 03:35:51.963204+00;2026-02-01 03:35:51.963204+00
59354fe8-868f-4b68-a94f-bb14925b6431;4f7d613a-6e4c-4e61-b62e-b3d11dcd500d;member;2026-01-28 12:17:55.746455+00;2026-01-28 12:17:55.746455+00
840eb726-8c5f-42e2-a540-3a084a733464;18b589d6-b4d8-4b62-8bf1-1c667456eea9;member;2026-02-01 03:35:52.518667+00;2026-02-01 03:35:52.518667+00
fec424df-8f47-43c9-a67e-2a10e4ad630c;a8579aad-7be2-4162-9b3d-f85e3b3a9fcc;member;2026-02-01 03:35:57.066403+00;2026-02-01 03:35:57.066403+00
cfe3a674-f7b4-4b14-a443-72def3445628;1aa37500-0e50-4b0e-a9eb-b8f174327fc9;member;2026-02-01 03:35:57.407532+00;2026-02-01 03:35:57.407532+00
15e7d615-25d6-4873-9486-de372b869adc;e33cb2a0-918b-4788-a34b-c6cf476877de;member;2026-02-01 03:35:57.496774+00;2026-02-01 03:35:57.496774+00
ec3e75fd-ab72-4696-9d99-c0503d793d73;cdab902f-b3b1-4405-b060-b9150e742551;member;2026-02-01 03:35:59.495688+00;2026-02-01 03:35:59.495688+00
d1758b97-160f-4daf-9a4e-58d5b1f75173;d552ba66-84cc-4449-b350-ea3b8d4ee69d;member;2026-02-01 03:36:00.249477+00;2026-02-01 03:36:00.249477+00
24cec433-2af1-4c58-927a-4bf396c3c911;06fe25f0-4e47-4162-a19e-4f590b0f3e49;member;2026-02-01 03:36:04.950517+00;2026-02-01 03:36:04.950517+00
e49f59e1-0a59-4c5d-bc03-f80ae16ef4db;7e440f53-c8bf-4952-b1b8-3963c8afe488;member;2026-02-01 03:36:06.323837+00;2026-02-01 03:36:06.323837+00
efcbe654-6359-4d14-885a-534b4f31749b;85f55a68-5acd-4128-bf4d-d9ec450acdf8;member;2026-02-01 03:36:07.597447+00;2026-02-01 03:36:07.597447+00
8a9c043e-e2e6-4ce7-9a98-8e03a52cff84;12c7893f-258e-4502-825d-0d02d2ff201a;member;2026-01-28 12:19:11.237765+00;2026-01-28 12:19:11.237765+00
cf8ae932-433c-4650-a9ad-34b214940c3f;766caaad-32fa-4414-8699-ae7d4803416c;member;2026-02-01 03:36:08.37661+00;2026-02-01 03:36:08.37661+00
6fe210dd-842e-491f-8568-a1265988c705;d02fad70-1de6-4326-a38c-d79d240f18b0;member;2026-02-01 03:36:10.895405+00;2026-02-01 03:36:10.895405+00
c7045435-e0d0-4670-aa8a-e51a9168bac0;2cd3c9a3-3234-42ee-b617-f1d9db42e231;member;2026-02-01 03:36:11.590201+00;2026-02-01 03:36:11.590201+00
7e29860e-7202-4047-8f44-0728d58c77ea;a2f9e74f-f2d9-4e4c-9b1e-0c5d76ff9e68;member;2026-02-01 03:36:14.469597+00;2026-02-01 03:36:14.469597+00
58e4562f-c85c-49f8-ac74-8cdc5625b793;a3ea2bc7-87a3-4dc8-bc70-fb71a04be89b;member;2026-02-01 03:36:15.804879+00;2026-02-01 03:36:15.804879+00
f292b274-0918-487e-aa85-c92b93c25511;4a67faad-4072-4edd-9750-b6f3cbf5ddf3;admin;2026-01-28 12:31:50.823152+00;2026-01-28 12:31:50.823152+00
6f7378b3-0e42-4c34-bb52-095c5e7e4426;27185108-ec96-4b53-8f09-f97b637c0787;member;2026-02-01 03:36:16.117415+00;2026-02-01 03:36:16.117415+00
dffaf5fc-6c2e-473c-9574-932dc76d7517;aeec4b41-4a3d-4e5f-828e-80f6b3e03a8f;member;2026-02-01 03:36:17.505659+00;2026-02-01 03:36:17.505659+00
eeaf2e27-8905-4d6e-8410-738e92826950;24445a0e-30b1-4031-9842-6dad78740503;member;2026-02-01 03:36:26.030836+00;2026-02-01 03:36:26.030836+00
c6ca1035-4ae8-4093-975a-9c77d6967130;8cfa0e1e-a4f4-489d-a70e-6eb22e0613a4;member;2026-02-01 03:36:27.677099+00;2026-02-01 03:36:27.677099+00
7afdd62c-3d72-438a-b0ea-5f5035771d18;2d9dc4e0-1104-4c01-ad0f-9991645b5c42;member;2026-02-01 03:36:31.347926+00;2026-02-01 03:36:31.347926+00
ee377a5b-be60-4e1a-91bc-eb389dd8c633;c0a4e2c7-7c1a-4650-890a-0f3fd3395cb4;member;2026-02-01 03:36:35.874872+00;2026-02-01 03:36:35.874872+00
7c121d01-8f61-4e87-9b87-9a04f6b4a910;97203b14-1995-4c9c-9e2d-dcc9006763fa;member;2026-02-01 03:36:50.965173+00;2026-02-01 03:36:50.965173+00
b060f966-795d-42ce-9001-214c0f6828c8;2cac8cf0-28c4-45a9-8980-6e7bd56c21e7;member;2026-02-01 03:37:24.038996+00;2026-02-01 03:37:24.038996+00
736ce679-d406-43d0-90a9-5d9cdfe920fe;0fd9ed83-c931-43e8-9011-e8da13007412;member;2026-02-01 03:38:49.116924+00;2026-02-01 03:38:49.116924+00
4b45962a-52fa-4708-b5b8-81ef4663ca28;5a7ae882-46ad-455c-b72a-ad1df92ff252;member;2026-01-31 15:25:54.166344+00;2026-01-31 15:25:54.166344+00
b2fa02ba-f5c1-46c6-a435-031ad1e95c64;b1ad8d8c-f542-4788-abeb-3942a1ecd7e8;member;2026-01-31 17:11:46.895263+00;2026-01-31 17:11:46.895263+00
bd59482f-f570-4b2d-bdb5-4d8f710eb8c2;22927e5c-2e98-4f28-9187-4efac384bdb9;member;2026-01-31 17:31:14.949405+00;2026-01-31 17:31:14.949405+00
34e91c14-f8d0-46ef-ab94-d4a80ff3c63d;9874610a-55ad-458f-b10c-04bdcccdda65;member;2026-02-01 03:45:04.915114+00;2026-02-01 03:45:04.915114+00
9b344e3a-10ef-4cae-a52c-2062ee0fb82f;33b26af2-7251-4809-a484-234890af3125;member;2026-02-01 04:01:39.4156+00;2026-02-01 04:01:39.4156+00
b8057d32-d703-4fa6-b0cb-004dfb3069fa;bdce8359-fba1-48c0-a9f3-3daf6153982b;member;2026-02-01 04:26:07.550037+00;2026-02-01 04:26:07.550037+00
63077a24-241d-4976-85b7-02395d98649c;568a35b3-bcd2-4846-b6ee-f6f6f4fea974;member;2026-02-01 05:15:03.698626+00;2026-02-01 05:15:03.698626+00
e5038a24-3e13-4514-b58d-5dd4270036c9;40fb4cf7-68b6-459c-a86c-384622d69ad6;member;2026-02-01 06:50:19.738835+00;2026-02-01 06:50:19.738835+00
a9507890-0968-41fd-a66e-f97bd8ec138a;3f51ef65-47e4-44e1-b81e-c432dd199cc8;member;2026-02-01 07:00:09.362951+00;2026-02-01 07:00:09.362951+00
285f1a28-9d46-4751-a7b2-035cb7445aeb;d41e1670-86b6-44c5-adb5-c975fbc965de;member;2026-02-01 09:00:29.170271+00;2026-02-01 09:00:29.170271+00
8f2316d3-9c05-4497-bc9a-53fecc1be7c7;8d85b414-095f-4c73-b862-1c8ffda66e13;member;2026-02-01 10:14:22.218679+00;2026-02-01 10:14:22.218679+00
db9e7ca7-b5e5-4123-b0ff-78be32ad5e65;0eab02b9-65d9-4464-b883-344bf0620ab9;member;2026-02-01 12:55:15.146603+00;2026-02-01 12:55:15.146603+00
986e4566-eed5-447b-a88d-76ee1d3f88b3;23c4527e-bd71-4a26-8d00-a110b6b69a23;member;2026-02-02 03:37:38.527591+00;2026-02-02 03:37:38.527591+00