id;room_code;mode;bible_study_session_id;group_number;current_card_id;current_level;used_card_ids;pass_count;status;created_at;updated_at;timer_duration;timer_started_at;timer_running;sharing_mode;shared_member_ids;current_drawer_id;current_drawer_card_id;drawer_order
870ea5b9-cadb-4061-9cd1-1003541ce8ad;BQWC;standalone;;;;L1;[];0;active;2026-01-27 13:00:46.253725+00;2026-01-27 13:00:46.253725+00;60;;false;false;[];;;[]
4896c805-31e4-4e0c-8997-6e7dfdcdf690;FANF;session;2275728a-e362-4476-87ed-bcaf577ea1ef;1;c46de569-77f2-4ec7-a3af-7dd921f327c6;L1;"[""c46de569-77f2-4ec7-a3af-7dd921f327c6""]";0;active;2026-01-29 03:10:26.271097+00;2026-01-29 03:11:05.87463+00;60;;false;false;[];;;[]
ef3bb3d5-dcae-45af-a439-a5d7ad131927;BT6W;standalone;;;2cfae99c-6938-4174-b68c-da6641a429fa;L2;"[""b2dc5a9a-7908-48dc-b949-2f57ecefbfdd"",""eea911d6-8a60-4c01-a451-b7a1a49b91f0"",""2cfae99c-6938-4174-b68c-da6641a429fa""]";0;active;2026-01-27 17:25:13.470831+00;2026-01-27 17:25:27.777575+00;60;;false;false;[];;;[]
6c324f21-cdd4-4738-9440-ff8254b9d227;MLQP;standalone;;;4f59c230-055c-4629-98b1-3fae6d8947df;L2;"[""11061292-17d4-4491-a2ed-c3cc210f6d3d"",""4f59c230-055c-4629-98b1-3fae6d8947df""]";0;active;2026-01-27 14:01:59.103331+00;2026-01-27 14:02:04.193217+00;60;;false;false;[];;;[]
5b7c9b1d-6a14-4d65-87e1-11135413e2ab;WFG7;session;53f0309e-7cf8-4cfe-99c2-2c958e4bdc80;1;;L1;[];0;active;2026-01-28 09:03:54.796691+00;2026-01-28 09:03:54.796691+00;60;;false;false;[];2b60c26d-616b-4533-abb9-1001e7129cb8;;"[""2b60c26d-616b-4533-abb9-1001e7129cb8"",""f8408069-2ca2-4698-99c3-74e1414594ce""]"
cc34a5c4-5750-4b07-9bd5-c9e7752a22ef;VVB4;session;2275728a-e362-4476-87ed-bcaf577ea1ef;2;c46de569-77f2-4ec7-a3af-7dd921f327c6;L1;"[""c46de569-77f2-4ec7-a3af-7dd921f327c6""]";0;active;2026-01-29 03:10:26.271097+00;2026-01-29 03:11:05.87463+00;60;;false;false;[];;;[]
52dd53f6-6ffa-4e74-82b9-c858e2c7e21b;Q5DW;session;2275728a-e362-4476-87ed-bcaf577ea1ef;3;c46de569-77f2-4ec7-a3af-7dd921f327c6;L1;"[""c46de569-77f2-4ec7-a3af-7dd921f327c6""]";0;active;2026-01-29 03:10:26.271097+00;2026-01-29 03:11:05.87463+00;60;;false;false;[];;;[]
0a58a683-6a85-4b75-a0cc-b71e081d73d9;KQ5H;session;577b2379-4fb5-44c6-b261-4b38af38ee1f;3;4e39f0f0-1b18-4caf-8f4e-5555286fac50;L1;"[""a3900319-6cd5-435e-8137-cbafc2d5bbf6"",""4e39f0f0-1b18-4caf-8f4e-5555286fac50""]";0;active;2026-01-28 09:28:17.049782+00;2026-01-28 09:29:34.760578+00;60;;false;false;"[""3a571693-86ba-47ef-8fb1-44311dfa88ca"",""f0eb6050-d562-46ad-a707-1b82c64be6a2""]";;;"[""3a571693-86ba-47ef-8fb1-44311dfa88ca"",""f0eb6050-d562-46ad-a707-1b82c64be6a2""]"
672136fb-98e1-4569-95cf-46abfa9cb1db;CP52;session;53f0309e-7cf8-4cfe-99c2-2c958e4bdc80;2;eabc040a-6ff4-4597-be92-f7ca85a9fca7;L2;"[""81e30795-299c-43bf-a7f1-b7ddb33263d1"",""eabc040a-6ff4-4597-be92-f7ca85a9fca7""]";0;active;2026-01-28 09:03:45.582319+00;2026-01-28 09:04:41.930799+00;60;;false;false;"[""9b8b1604-69d0-4c5d-924c-0487280d9d21"",""0b275771-abf3-4b53-9cfe-68477788257b""]";;;"[""9b8b1604-69d0-4c5d-924c-0487280d9d21"",""0b275771-abf3-4b53-9cfe-68477788257b""]"
8ad2dfb4-072b-4830-9499-9cbdbac7ee0f;QSCC;session;53f0309e-7cf8-4cfe-99c2-2c958e4bdc80;3;81e30795-299c-43bf-a7f1-b7ddb33263d1;L1;"[""81e30795-299c-43bf-a7f1-b7ddb33263d1""]";0;active;2026-01-28 09:03:59.265557+00;2026-01-28 09:04:51.500037+00;60;;false;false;"[""8cb328fa-afc0-4586-8cf2-7d89ce635cda""]";f0a29762-c160-4f29-bd46-3a71753ca87b;;"[""8cb328fa-afc0-4586-8cf2-7d89ce635cda"",""f0a29762-c160-4f29-bd46-3a71753ca87b""]"
8e48dfd9-217e-45a1-a166-000b2504c6ee;9L5L;session;53f0309e-7cf8-4cfe-99c2-2c958e4bdc80;1;;L1;[];0;completed;2026-01-28 09:03:55.104027+00;2026-01-28 09:03:55.104027+00;60;;false;false;[];f8408069-2ca2-4698-99c3-74e1414594ce;;"[""f8408069-2ca2-4698-99c3-74e1414594ce"",""2b60c26d-616b-4533-abb9-1001e7129cb8""]"
a5658f0c-0c5d-445b-9b7e-1bdc51bb7128;9JHC;standalone;;;;L1;[];0;active;2026-01-27 13:00:46.253716+00;2026-01-27 13:00:46.253716+00;60;;false;false;[];;;[]
20ada9e4-d4dd-4714-b93f-8c8a34693002;ETMX;standalone;;;;L1;[];0;active;2026-01-27 13:02:49.447745+00;2026-01-27 13:02:49.447745+00;60;;false;false;[];;;[]
03a5d111-d5fe-40f7-87b7-7a85aea4eda6;DWDE;standalone;;;;L3;[];0;active;2026-01-27 13:02:49.45607+00;2026-01-27 13:03:59.61585+00;60;;false;false;[];;;[]
c2a447ea-986f-46b6-9ee7-7e5a95f8bc2c;TEVL;standalone;;;;L3;[];0;active;2026-01-27 13:04:24.119125+00;2026-01-27 13:04:30.48525+00;60;;false;false;[];;;[]
288e8bee-1abd-42bb-abb9-f117acfc097d;SP33;standalone;;;;L2;[];0;active;2026-01-27 13:04:48.682541+00;2026-01-27 13:05:04.251978+00;60;;false;false;[];;;[]
b4bc1bd7-215d-4c14-982a-dc7c36728a5d;2MK9;standalone;;;;L1;[];0;active;2026-01-27 13:07:55.165295+00;2026-01-27 13:09:06.884866+00;60;;false;false;[];;;[]
00216b6d-b73b-453f-b1f5-adc50917ab6f;4J34;standalone;;;;L2;[];0;active;2026-01-27 13:16:56.991843+00;2026-01-27 13:17:03.060931+00;60;;false;false;[];;;[]
dcd3cbb8-8f93-41e3-9aec-aaddcc6f1190;UPJH;standalone;;;;L2;[];1;active;2026-01-27 13:19:01.467853+00;2026-01-27 13:20:06.374883+00;60;;false;false;[];;;[]
eb8fbcec-c8b9-4278-b289-8ee32bd39451;WTA3;session;53f0309e-7cf8-4cfe-99c2-2c958e4bdc80;3;4e39f0f0-1b18-4caf-8f4e-5555286fac50;L1;"[""4e39f0f0-1b18-4caf-8f4e-5555286fac50""]";0;completed;2026-01-28 09:03:59.602316+00;2026-01-28 09:04:18.600798+00;60;;false;false;"[""f0a29762-c160-4f29-bd46-3a71753ca87b""]";8cb328fa-afc0-4586-8cf2-7d89ce635cda;;"[""f0a29762-c160-4f29-bd46-3a71753ca87b"",""8cb328fa-afc0-4586-8cf2-7d89ce635cda""]"
e1b4095e-f5df-42a1-ba74-8049f91a868b;GKWF;standalone;;;3eb31984-6601-4c7d-bef4-b82acd323c2f;L3;"[""cf48618c-fc01-4cc6-9303-2a3a076d32cc"",""3eb31984-6601-4c7d-bef4-b82acd323c2f""]";0;active;2026-01-27 13:36:10.48247+00;2026-01-27 13:36:30.349428+00;60;;false;false;[];;;[]
4c0fe393-7a1e-4bbb-ad44-10b32a33dd20;7JH4;session;577b2379-4fb5-44c6-b261-4b38af38ee1f;2;11061292-17d4-4491-a2ed-c3cc210f6d3d;L1;"[""b2dc5a9a-7908-48dc-b949-2f57ecefbfdd"",""11061292-17d4-4491-a2ed-c3cc210f6d3d""]";0;active;2026-01-28 09:28:20.042447+00;2026-01-28 09:29:07.247015+00;60;;false;false;"[""0f40c177-bca9-45f1-b7d2-ce4f5ee2825d"",""a7c83da4-1315-4474-91e8-eb3ed425d04e""]";;;"[""0f40c177-bca9-45f1-b7d2-ce4f5ee2825d"",""a7c83da4-1315-4474-91e8-eb3ed425d04e""]"
efb2c360-7dbe-4819-af6a-972d60cf6255;QNCQ;session;577b2379-4fb5-44c6-b261-4b38af38ee1f;1;9a21bb92-d59f-4400-8f7f-f8184c56e598;L3;"[""ba3808ac-c4a2-4ffd-8880-c39944573e9a"",""9a21bb92-d59f-4400-8f7f-f8184c56e598""]";0;active;2026-01-28 09:28:18.806418+00;2026-01-28 09:28:55.304587+00;60;;false;false;"[""ca7a0da4-34d3-4b20-8806-8e72e02ba0f5"",""1ab375d9-9da9-48fa-8264-dc5f26ec9117""]";;;"[""ca7a0da4-34d3-4b20-8806-8e72e02ba0f5"",""1ab375d9-9da9-48fa-8264-dc5f26ec9117""]"
794a0092-2ffe-410c-bb6c-85c433f3c6bf;PBYK;session;2275728a-e362-4476-87ed-bcaf577ea1ef;11;;L1;[];0;active;2026-01-29 03:10:26.271097+00;2026-01-29 03:10:26.271097+00;60;;false;false;[];;;[]
66601f12-7e07-4f6d-baa7-f13867e9b7c6;5M44;session;2275728a-e362-4476-87ed-bcaf577ea1ef;12;;L1;[];0;active;2026-01-29 03:10:26.271097+00;2026-01-29 03:10:26.271097+00;60;;false;false;[];;;[]
242bd873-ff2d-40d0-9107-0aad25490dd4;ALUY;session;2275728a-e362-4476-87ed-bcaf577ea1ef;13;;L1;[];0;active;2026-01-29 03:10:26.271097+00;2026-01-29 03:10:26.271097+00;60;;false;false;[];;;[]
33c3defc-c72f-4d54-a7ed-3158ae6c4933;5DK4;session;2275728a-e362-4476-87ed-bcaf577ea1ef;14;;L1;[];0;active;2026-01-29 03:10:26.271097+00;2026-01-29 03:10:26.271097+00;60;;false;false;[];;;[]
713d7e7d-7d25-4204-8ac1-7346f62fda62;FQB6;session;2275728a-e362-4476-87ed-bcaf577ea1ef;15;;L1;[];0;active;2026-01-29 03:10:26.271097+00;2026-01-29 03:10:26.271097+00;60;;false;false;[];;;[]
7a54ee02-2174-4523-b585-5e1cd6ec3846;CTF3;session;2275728a-e362-4476-87ed-bcaf577ea1ef;4;c46de569-77f2-4ec7-a3af-7dd921f327c6;L1;"[""c46de569-77f2-4ec7-a3af-7dd921f327c6""]";0;active;2026-01-29 03:10:26.271097+00;2026-01-29 03:11:05.87463+00;60;;false;false;[];;;[]
cf0441a5-fe09-4f66-9d46-29ba98417fa8;YT8V;session;2275728a-e362-4476-87ed-bcaf577ea1ef;5;c46de569-77f2-4ec7-a3af-7dd921f327c6;L1;"[""c46de569-77f2-4ec7-a3af-7dd921f327c6""]";0;active;2026-01-29 03:10:26.271097+00;2026-01-29 03:11:05.87463+00;60;;false;false;[];;;[]
d791b078-5c54-42ff-bb96-3e87cac7fa08;EQQA;session;2275728a-e362-4476-87ed-bcaf577ea1ef;16;;L1;[];0;active;2026-01-29 03:10:26.271097+00;2026-01-29 03:10:26.271097+00;60;;false;false;[];;;[]
dd2bce84-1228-4981-8174-01249fa355e2;FGHQ;session;2275728a-e362-4476-87ed-bcaf577ea1ef;17;;L1;[];0;active;2026-01-29 03:10:26.271097+00;2026-01-29 03:10:26.271097+00;60;;false;false;[];;;[]
6386b624-153d-403e-9ead-46b2eb215e07;XDHS;session;2275728a-e362-4476-87ed-bcaf577ea1ef;18;;L1;[];0;active;2026-01-29 03:10:26.271097+00;2026-01-29 03:10:26.271097+00;60;;false;false;[];;;[]
7f649afa-b7d7-4f59-a558-4cd6fe5bd2c1;GCC7;session;2275728a-e362-4476-87ed-bcaf577ea1ef;19;;L1;[];0;active;2026-01-29 03:10:26.271097+00;2026-01-29 03:10:26.271097+00;60;;false;false;[];;;[]
510347da-922a-408d-b514-b62743d3d078;LR52;session;2275728a-e362-4476-87ed-bcaf577ea1ef;20;;L1;[];0;active;2026-01-29 03:10:26.271097+00;2026-01-29 03:10:26.271097+00;60;;false;false;[];;;[]
6588a0d2-16ff-406c-b21d-192c4852e09f;4GF6;session;2275728a-e362-4476-87ed-bcaf577ea1ef;21;;L1;[];0;active;2026-01-29 03:10:26.271097+00;2026-01-29 03:10:26.271097+00;60;;false;false;[];;;[]
6d094981-c6f0-4f2e-b6ac-6245957aed89;JHBZ;session;2275728a-e362-4476-87ed-bcaf577ea1ef;22;;L1;[];0;active;2026-01-29 03:10:26.271097+00;2026-01-29 03:10:26.271097+00;60;;false;false;[];;;[]
86cc3635-240e-4b0d-ac04-b8c6b4de764b;YCYR;session;2275728a-e362-4476-87ed-bcaf577ea1ef;23;;L1;[];0;active;2026-01-29 03:10:26.271097+00;2026-01-29 03:10:26.271097+00;60;;false;false;[];;;[]
7d3e9950-aefc-44d1-95c7-63603b666d9b;JRCH;session;2275728a-e362-4476-87ed-bcaf577ea1ef;24;;L1;[];0;active;2026-01-29 03:10:26.271097+00;2026-01-29 03:10:26.271097+00;60;;false;false;[];;;[]
bc13d524-d078-4375-8c36-c13cf0ca18c2;G8BM;session;2275728a-e362-4476-87ed-bcaf577ea1ef;25;;L1;[];0;active;2026-01-29 03:10:26.271097+00;2026-01-29 03:10:26.271097+00;60;;false;false;[];;;[]
9998403b-5863-4cec-85c7-f7376939d27c;J327;session;2275728a-e362-4476-87ed-bcaf577ea1ef;26;;L1;[];0;active;2026-01-29 03:10:26.271097+00;2026-01-29 03:10:26.271097+00;60;;false;false;[];;;[]
f032abd6-6a1e-46c7-829e-e3087d7e96fa;2YLA;session;2275728a-e362-4476-87ed-bcaf577ea1ef;27;;L1;[];0;active;2026-01-29 03:10:26.271097+00;2026-01-29 03:10:26.271097+00;60;;false;false;[];;;[]
cc677232-b8ae-4763-ae16-0efc4fbefa59;B35L;session;2275728a-e362-4476-87ed-bcaf577ea1ef;28;;L1;[];0;active;2026-01-29 03:10:26.271097+00;2026-01-29 03:10:26.271097+00;60;;false;false;[];;;[]
9c46aa24-5254-4fad-9ec3-6251b720e0d6;9APT;session;2275728a-e362-4476-87ed-bcaf577ea1ef;29;;L1;[];0;active;2026-01-29 03:10:26.271097+00;2026-01-29 03:10:26.271097+00;60;;false;false;[];;;[]
94516215-7ada-4f03-bf59-7f4b7c0c1f3d;3YXX;session;2275728a-e362-4476-87ed-bcaf577ea1ef;30;;L1;[];0;active;2026-01-29 03:10:26.271097+00;2026-01-29 03:10:26.271097+00;60;;false;false;[];;;[]
f760413b-8fa3-4e97-a54c-db608d4d2536;YCHR;session;2275728a-e362-4476-87ed-bcaf577ea1ef;31;;L1;[];0;active;2026-01-29 03:10:26.271097+00;2026-01-29 03:10:26.271097+00;60;;false;false;[];;;[]
e52eec98-6c7f-4ac8-9596-c25b30a77c31;JWSU;session;2275728a-e362-4476-87ed-bcaf577ea1ef;32;;L1;[];0;active;2026-01-29 03:10:26.271097+00;2026-01-29 03:10:26.271097+00;60;;false;false;[];;;[]
df58e1d8-b86f-4ceb-81cf-2bbfd55d3a79;U7ES;session;2275728a-e362-4476-87ed-bcaf577ea1ef;33;;L1;[];0;active;2026-01-29 03:10:26.271097+00;2026-01-29 03:10:26.271097+00;60;;false;false;[];;;[]
51e03c2f-9b0f-4480-b567-91cbbb0b3c87;Y8QF;session;2275728a-e362-4476-87ed-bcaf577ea1ef;34;;L1;[];0;active;2026-01-29 03:10:26.271097+00;2026-01-29 03:10:26.271097+00;60;;false;false;[];;;[]
fdd79c06-4340-4c19-91c9-3913b669eb86;2C7D;session;2275728a-e362-4476-87ed-bcaf577ea1ef;35;;L1;[];0;active;2026-01-29 03:10:26.271097+00;2026-01-29 03:10:26.271097+00;60;;false;false;[];;;[]
fc0c615c-12b8-4082-822a-cf56a8099fa4;4JP6;session;2275728a-e362-4476-87ed-bcaf577ea1ef;36;;L1;[];0;active;2026-01-29 03:10:26.271097+00;2026-01-29 03:10:26.271097+00;60;;false;false;[];;;[]
e54e7bff-430c-41cb-9dc4-05626e39ea65;ZHDU;session;2275728a-e362-4476-87ed-bcaf577ea1ef;37;;L1;[];0;active;2026-01-29 03:10:26.271097+00;2026-01-29 03:10:26.271097+00;60;;false;false;[];;;[]
4e89cac3-981b-490d-99ce-07f82577df3b;JPTX;session;2275728a-e362-4476-87ed-bcaf577ea1ef;38;;L1;[];0;active;2026-01-29 03:10:26.271097+00;2026-01-29 03:10:26.271097+00;60;;false;false;[];;;[]
3e66d701-fa1b-408a-82ca-70a353141dc6;RUXS;session;2275728a-e362-4476-87ed-bcaf577ea1ef;39;;L1;[];0;active;2026-01-29 03:10:26.271097+00;2026-01-29 03:10:26.271097+00;60;;false;false;[];;;[]
2b9a0f3f-1526-434a-bb4d-f8bfd2ce2183;LHEF;session;2275728a-e362-4476-87ed-bcaf577ea1ef;40;;L1;[];0;active;2026-01-29 03:10:26.271097+00;2026-01-29 03:10:26.271097+00;60;;false;false;[];;;[]
0fd470fb-18a6-42a2-a306-32d9705031ba;KVAZ;session;2275728a-e362-4476-87ed-bcaf577ea1ef;41;;L1;[];0;active;2026-01-29 03:10:26.271097+00;2026-01-29 03:10:26.271097+00;60;;false;false;[];;;[]
d3ab97ec-fc16-4126-9185-b439e4841efc;ASX7;session;2275728a-e362-4476-87ed-bcaf577ea1ef;42;;L1;[];0;active;2026-01-29 03:10:26.271097+00;2026-01-29 03:10:26.271097+00;60;;false;false;[];;;[]
7eb500da-afd7-4811-804b-997ffc82c1f5;B3DX;session;2275728a-e362-4476-87ed-bcaf577ea1ef;43;;L1;[];0;active;2026-01-29 03:10:26.271097+00;2026-01-29 03:10:26.271097+00;60;;false;false;[];;;[]
64f2d2b5-917f-4b65-bd47-08218b895db3;RXM5;session;2275728a-e362-4476-87ed-bcaf577ea1ef;44;;L1;[];0;active;2026-01-29 03:10:26.271097+00;2026-01-29 03:10:26.271097+00;60;;false;false;[];;;[]
0e3ad133-ca06-416b-85ab-33bb480120e5;TECS;session;2275728a-e362-4476-87ed-bcaf577ea1ef;45;;L1;[];0;active;2026-01-29 03:10:26.271097+00;2026-01-29 03:10:26.271097+00;60;;false;false;[];;;[]
2db67773-76ed-4890-a7be-96e554480a3e;EJPC;session;2275728a-e362-4476-87ed-bcaf577ea1ef;46;;L1;[];0;active;2026-01-29 03:10:26.271097+00;2026-01-29 03:10:26.271097+00;60;;false;false;[];;;[]
608d9c9f-59da-489d-95dd-47291fd39f30;VRDL;session;2275728a-e362-4476-87ed-bcaf577ea1ef;47;;L1;[];0;active;2026-01-29 03:10:26.271097+00;2026-01-29 03:10:26.271097+00;60;;false;false;[];;;[]
d6d1140a-8126-456a-bcfa-be06bfaff305;7L7B;session;2275728a-e362-4476-87ed-bcaf577ea1ef;48;;L1;[];0;active;2026-01-29 03:10:26.271097+00;2026-01-29 03:10:26.271097+00;60;;false;false;[];;;[]
3a284102-0aee-44f9-bac0-d5358a5716a5;Y2MU;session;2275728a-e362-4476-87ed-bcaf577ea1ef;49;;L1;[];0;active;2026-01-29 03:10:26.271097+00;2026-01-29 03:10:26.271097+00;60;;false;false;[];;;[]
6a0a29a4-70dc-4ef7-abff-960452a2114f;J9YL;session;2275728a-e362-4476-87ed-bcaf577ea1ef;50;;L1;[];0;active;2026-01-29 03:10:26.271097+00;2026-01-29 03:10:26.271097+00;60;;false;false;[];;;[]
cf94b7de-ebfd-47e1-988e-2a660e593580;HQXK;session;2275728a-e362-4476-87ed-bcaf577ea1ef;6;c46de569-77f2-4ec7-a3af-7dd921f327c6;L1;"[""c46de569-77f2-4ec7-a3af-7dd921f327c6""]";0;active;2026-01-29 03:10:26.271097+00;2026-01-29 03:11:05.87463+00;60;;false;false;[];;;[]
4fe1d594-d416-4840-a516-54c257f44ccb;QAE8;session;2275728a-e362-4476-87ed-bcaf577ea1ef;7;c46de569-77f2-4ec7-a3af-7dd921f327c6;L1;"[""c46de569-77f2-4ec7-a3af-7dd921f327c6""]";0;active;2026-01-29 03:10:26.271097+00;2026-01-29 03:11:05.87463+00;60;;false;false;[];;;[]
0f87affe-3bde-4998-84f5-2ef0a5ba591e;XT64;session;2275728a-e362-4476-87ed-bcaf577ea1ef;8;c46de569-77f2-4ec7-a3af-7dd921f327c6;L1;"[""c46de569-77f2-4ec7-a3af-7dd921f327c6""]";0;active;2026-01-29 03:10:26.271097+00;2026-01-29 03:11:05.87463+00;60;;false;false;[];;;[]
54f24fd0-f113-42b1-8af4-3795022d9738;K2U5;session;2275728a-e362-4476-87ed-bcaf577ea1ef;9;c46de569-77f2-4ec7-a3af-7dd921f327c6;L1;"[""c46de569-77f2-4ec7-a3af-7dd921f327c6""]";0;active;2026-01-29 03:10:26.271097+00;2026-01-29 03:11:05.87463+00;60;;false;false;[];;;[]
339073ef-a10c-44dc-ae87-90afcbcbf9bb;KLNV;session;2275728a-e362-4476-87ed-bcaf577ea1ef;10;c46de569-77f2-4ec7-a3af-7dd921f327c6;L1;"[""c46de569-77f2-4ec7-a3af-7dd921f327c6""]";0;active;2026-01-29 03:10:26.271097+00;2026-01-29 03:11:05.87463+00;60;;false;false;[];;;[]
1e8b132d-c1a8-43c3-a42c-a108749c2bd6;AX4Z;session;2275728a-e362-4476-87ed-bcaf577ea1ef;51;;L1;[];0;active;2026-01-29 03:11:29.524847+00;2026-01-29 03:11:29.524847+00;60;;false;false;[];;;[]
d7475fb4-5499-4541-99d3-6e467c6a945f;J352;session;2275728a-e362-4476-87ed-bcaf577ea1ef;52;;L1;[];0;active;2026-01-29 03:11:29.524847+00;2026-01-29 03:11:29.524847+00;60;;false;false;[];;;[]
373d24d3-c6aa-4f73-b7ab-31caf18794a6;XQ8Q;session;2275728a-e362-4476-87ed-bcaf577ea1ef;53;;L1;[];0;active;2026-01-29 03:11:29.524847+00;2026-01-29 03:11:29.524847+00;60;;false;false;[];;;[]
00dc38bd-5688-4a80-b161-2f12af3de67d;EK3Y;session;2275728a-e362-4476-87ed-bcaf577ea1ef;54;;L1;[];0;active;2026-01-29 03:11:29.524847+00;2026-01-29 03:11:29.524847+00;60;;false;false;[];;;[]
de59b150-b027-4bc9-b939-65c4abdd409d;2UAY;session;2275728a-e362-4476-87ed-bcaf577ea1ef;55;;L1;[];0;active;2026-01-29 03:11:29.524847+00;2026-01-29 03:11:29.524847+00;60;;false;false;[];;;[]
b22d0db9-c0ca-4eed-a28a-975ef5574585;CNVY;session;2275728a-e362-4476-87ed-bcaf577ea1ef;56;;L1;[];0;active;2026-01-29 03:11:29.524847+00;2026-01-29 03:11:29.524847+00;60;;false;false;[];;;[]
bc02e5d9-62c9-42f8-8354-23ef1885d703;VVQP;session;2275728a-e362-4476-87ed-bcaf577ea1ef;57;;L1;[];0;active;2026-01-29 03:11:29.524847+00;2026-01-29 03:11:29.524847+00;60;;false;false;[];;;[]
54a238c8-dcce-424a-838c-75088e1cb8c6;CH3V;session;2275728a-e362-4476-87ed-bcaf577ea1ef;58;;L1;[];0;active;2026-01-29 03:11:29.524847+00;2026-01-29 03:11:29.524847+00;60;;false;false;[];;;[]
0b5e5287-a6c2-4eea-b1b9-5a4700766af9;JQUN;session;2275728a-e362-4476-87ed-bcaf577ea1ef;59;;L1;[];0;active;2026-01-29 03:11:29.524847+00;2026-01-29 03:11:29.524847+00;60;;false;false;[];;;[]
9c2854b4-0494-4069-92ec-82d8496091b2;LXKL;session;2275728a-e362-4476-87ed-bcaf577ea1ef;60;;L1;[];0;active;2026-01-29 03:11:29.524847+00;2026-01-29 03:11:29.524847+00;60;;false;false;[];;;[]
c61fa1d7-7a85-4a2b-8098-b9cc256d266e;LU3E;session;2275728a-e362-4476-87ed-bcaf577ea1ef;61;;L1;[];0;active;2026-01-29 03:11:29.524847+00;2026-01-29 03:11:29.524847+00;60;;false;false;[];;;[]
39636886-a851-432f-b59a-87206ffd27a9;ZQEC;session;2275728a-e362-4476-87ed-bcaf577ea1ef;62;;L1;[];0;active;2026-01-29 03:11:29.524847+00;2026-01-29 03:11:29.524847+00;60;;false;false;[];;;[]
1a1bdb9f-d3d4-464f-9965-9d06c17d1de3;LSQW;session;2275728a-e362-4476-87ed-bcaf577ea1ef;63;;L1;[];0;active;2026-01-29 03:11:29.524847+00;2026-01-29 03:11:29.524847+00;60;;false;false;[];;;[]
6756e2aa-3cc9-4d51-a6fe-c566ea64eedf;VVQQ;session;2275728a-e362-4476-87ed-bcaf577ea1ef;64;;L1;[];0;active;2026-01-29 03:11:29.524847+00;2026-01-29 03:11:29.524847+00;60;;false;false;[];;;[]
f065ead9-8725-4006-9589-1fe1edeb55f6;ZJFL;session;2275728a-e362-4476-87ed-bcaf577ea1ef;65;;L1;[];0;active;2026-01-29 03:11:29.524847+00;2026-01-29 03:11:29.524847+00;60;;false;false;[];;;[]
fe84b93f-034b-41cd-ba86-449463712715;JMWM;session;2275728a-e362-4476-87ed-bcaf577ea1ef;66;;L1;[];0;active;2026-01-29 03:11:29.524847+00;2026-01-29 03:11:29.524847+00;60;;false;false;[];;;[]
b2e3495f-7279-4f2a-a249-f926294a72e7;CZE5;session;2275728a-e362-4476-87ed-bcaf577ea1ef;67;;L1;[];0;active;2026-01-29 03:11:29.524847+00;2026-01-29 03:11:29.524847+00;60;;false;false;[];;;[]
b86f4d78-3436-4672-a327-96a53ba7f734;KQ8L;session;2275728a-e362-4476-87ed-bcaf577ea1ef;68;;L1;[];0;active;2026-01-29 03:11:29.524847+00;2026-01-29 03:11:29.524847+00;60;;false;false;[];;;[]
e509b540-cc7e-40f2-91c9-d947ccf45b4d;4283;session;2275728a-e362-4476-87ed-bcaf577ea1ef;69;;L1;[];0;active;2026-01-29 03:11:29.524847+00;2026-01-29 03:11:29.524847+00;60;;false;false;[];;;[]
b8ea334b-546a-426f-883d-9f1b2a30c8e5;9X7V;session;2275728a-e362-4476-87ed-bcaf577ea1ef;70;;L1;[];0;active;2026-01-29 03:11:29.524847+00;2026-01-29 03:11:29.524847+00;60;;false;false;[];;;[]
91af3c94-41d5-4072-9504-0427548f09f0;4DJD;session;2275728a-e362-4476-87ed-bcaf577ea1ef;71;;L1;[];0;active;2026-01-29 03:11:29.524847+00;2026-01-29 03:11:29.524847+00;60;;false;false;[];;;[]
5a1dfc78-7811-4266-a21b-5dedccf919ff;THQS;session;2275728a-e362-4476-87ed-bcaf577ea1ef;72;;L1;[];0;active;2026-01-29 03:11:29.524847+00;2026-01-29 03:11:29.524847+00;60;;false;false;[];;;[]
3dd41da1-28fd-45f2-88a8-45e5f9b7cf92;NU9C;session;2275728a-e362-4476-87ed-bcaf577ea1ef;73;;L1;[];0;active;2026-01-29 03:11:29.524847+00;2026-01-29 03:11:29.524847+00;60;;false;false;[];;;[]
aaafd1ca-8f98-4141-987e-c830a506faff;UTM9;session;2275728a-e362-4476-87ed-bcaf577ea1ef;74;;L1;[];0;active;2026-01-29 03:11:29.524847+00;2026-01-29 03:11:29.524847+00;60;;false;false;[];;;[]
dc918a2b-582b-4b28-b431-a91d60a08b16;4ERP;session;2275728a-e362-4476-87ed-bcaf577ea1ef;75;;L1;[];0;active;2026-01-29 03:11:29.524847+00;2026-01-29 03:11:29.524847+00;60;;false;false;[];;;[]
e2ee28b0-687b-4662-a5b9-d4e48b0a3c2b;Z4QT;session;2275728a-e362-4476-87ed-bcaf577ea1ef;76;;L1;[];0;active;2026-01-29 03:11:29.524847+00;2026-01-29 03:11:29.524847+00;60;;false;false;[];;;[]
6606c144-9a72-486c-a3cf-15f4707c883e;JZFJ;session;2275728a-e362-4476-87ed-bcaf577ea1ef;77;;L1;[];0;active;2026-01-29 03:11:29.524847+00;2026-01-29 03:11:29.524847+00;60;;false;false;[];;;[]
514f69c9-3f2f-41cc-9aef-db2fda3e1289;BK2R;session;2275728a-e362-4476-87ed-bcaf577ea1ef;78;;L1;[];0;active;2026-01-29 03:11:29.524847+00;2026-01-29 03:11:29.524847+00;60;;false;false;[];;;[]
d61ff812-0f95-47a8-82f5-45c5657f27a7;RPH7;session;2275728a-e362-4476-87ed-bcaf577ea1ef;79;;L1;[];0;active;2026-01-29 03:11:29.524847+00;2026-01-29 03:11:29.524847+00;60;;false;false;[];;;[]
deb869f2-f01e-4d97-8d66-9d5c41dce361;H6QS;session;2275728a-e362-4476-87ed-bcaf577ea1ef;80;;L1;[];0;active;2026-01-29 03:11:29.524847+00;2026-01-29 03:11:29.524847+00;60;;false;false;[];;;[]
50df9b10-2600-4806-b163-7eb1a77dd3ff;ZT3X;session;2275728a-e362-4476-87ed-bcaf577ea1ef;81;;L1;[];0;active;2026-01-29 03:11:29.524847+00;2026-01-29 03:11:29.524847+00;60;;false;false;[];;;[]
c178f229-efbb-4582-8f5b-c06edef1fe62;QCYQ;session;2275728a-e362-4476-87ed-bcaf577ea1ef;82;;L1;[];0;active;2026-01-29 03:11:29.524847+00;2026-01-29 03:11:29.524847+00;60;;false;false;[];;;[]
e6d56608-73ce-496b-96a1-99a8f2533133;UJ3T;session;2275728a-e362-4476-87ed-bcaf577ea1ef;83;;L1;[];0;active;2026-01-29 03:11:29.524847+00;2026-01-29 03:11:29.524847+00;60;;false;false;[];;;[]
f20068ec-fbc3-40b2-afc1-9222be197468;QGK6;session;2275728a-e362-4476-87ed-bcaf577ea1ef;84;;L1;[];0;active;2026-01-29 03:11:29.524847+00;2026-01-29 03:11:29.524847+00;60;;false;false;[];;;[]
d7f87489-dd46-4670-8c65-b47661881266;J3JZ;session;2275728a-e362-4476-87ed-bcaf577ea1ef;85;;L1;[];0;active;2026-01-29 03:11:29.524847+00;2026-01-29 03:11:29.524847+00;60;;false;false;[];;;[]
4a47e6b8-ff56-4a6a-83a2-b0d7601b0b7f;4JC8;session;2275728a-e362-4476-87ed-bcaf577ea1ef;86;;L1;[];0;active;2026-01-29 03:11:29.524847+00;2026-01-29 03:11:29.524847+00;60;;false;false;[];;;[]
a7bbf551-812d-4697-9dcc-8a575b86d627;B5ZR;session;2275728a-e362-4476-87ed-bcaf577ea1ef;87;;L1;[];0;active;2026-01-29 03:11:29.524847+00;2026-01-29 03:11:29.524847+00;60;;false;false;[];;;[]
20761a77-6f02-4e77-9d79-8734682f56da;2M9G;session;2275728a-e362-4476-87ed-bcaf577ea1ef;88;;L1;[];0;active;2026-01-29 03:11:29.524847+00;2026-01-29 03:11:29.524847+00;60;;false;false;[];;;[]
8793a5fc-35f9-45eb-99ac-339a119004bd;BLBM;session;2275728a-e362-4476-87ed-bcaf577ea1ef;89;;L1;[];0;active;2026-01-29 03:11:29.524847+00;2026-01-29 03:11:29.524847+00;60;;false;false;[];;;[]
a3ce1eea-c706-4a18-b244-407bebf2deea;8FC5;session;2275728a-e362-4476-87ed-bcaf577ea1ef;90;;L1;[];0;active;2026-01-29 03:11:29.524847+00;2026-01-29 03:11:29.524847+00;60;;false;false;[];;;[]
5bb934c2-129c-4ef5-a5ee-92e6dd6a194a;5M2N;session;2275728a-e362-4476-87ed-bcaf577ea1ef;91;;L1;[];0;active;2026-01-29 03:11:29.524847+00;2026-01-29 03:11:29.524847+00;60;;false;false;[];;;[]
409932b9-7717-40f3-830d-490ba04bc2f6;QJVV;session;2275728a-e362-4476-87ed-bcaf577ea1ef;92;;L1;[];0;active;2026-01-29 03:11:29.524847+00;2026-01-29 03:11:29.524847+00;60;;false;false;[];;;[]
94ad61e3-fc4a-444c-a4c1-d737dbab91a7;SJHJ;session;2275728a-e362-4476-87ed-bcaf577ea1ef;93;;L1;[];0;active;2026-01-29 03:11:29.524847+00;2026-01-29 03:11:29.524847+00;60;;false;false;[];;;[]
0db59de3-0a85-4f25-948a-a92847043cc0;D5XH;session;2275728a-e362-4476-87ed-bcaf577ea1ef;94;;L1;[];0;active;2026-01-29 03:11:29.524847+00;2026-01-29 03:11:29.524847+00;60;;false;false;[];;;[]
a8240cbd-cad3-4837-b881-d7653611e390;HLH7;session;2275728a-e362-4476-87ed-bcaf577ea1ef;95;;L1;[];0;active;2026-01-29 03:11:29.524847+00;2026-01-29 03:11:29.524847+00;60;;false;false;[];;;[]
1df4a7eb-e9e6-4f13-8e9a-600f1b6b891f;LKF2;session;2275728a-e362-4476-87ed-bcaf577ea1ef;96;;L1;[];0;active;2026-01-29 03:11:29.524847+00;2026-01-29 03:11:29.524847+00;60;;false;false;[];;;[]
0f759311-b7a7-4575-be53-05fbc2c3ae2f;93XR;session;2275728a-e362-4476-87ed-bcaf577ea1ef;97;;L1;[];0;active;2026-01-29 03:11:29.524847+00;2026-01-29 03:11:29.524847+00;60;;false;false;[];;;[]
80e4ecac-834f-4164-b269-31fdc41cf87a;AB54;session;2275728a-e362-4476-87ed-bcaf577ea1ef;98;;L1;[];0;active;2026-01-29 03:11:29.524847+00;2026-01-29 03:11:29.524847+00;60;;false;false;[];;;[]
a2baed6a-e42d-4bf7-8831-401b67a4c7df;WS8Y;session;2275728a-e362-4476-87ed-bcaf577ea1ef;99;;L1;[];0;active;2026-01-29 03:11:29.524847+00;2026-01-29 03:11:29.524847+00;60;;false;false;[];;;[]
60c68e59-2d1b-40ee-b26b-ccec3be72480;DTFM;session;2275728a-e362-4476-87ed-bcaf577ea1ef;100;;L1;[];0;active;2026-01-29 03:11:29.524847+00;2026-01-29 03:11:29.524847+00;60;;false;false;[];;;[]
ac7c44e4-13fb-4c2b-bb77-ac998e69a9d1;PE2G;session;2275728a-e362-4476-87ed-bcaf577ea1ef;101;;L1;[];0;active;2026-01-29 03:11:29.524847+00;2026-01-29 03:11:29.524847+00;60;;false;false;[];;;[]
3772f3b7-34d1-43e3-88f4-b691d8d24e84;EFQU;session;2275728a-e362-4476-87ed-bcaf577ea1ef;102;;L1;[];0;active;2026-01-29 03:11:29.524847+00;2026-01-29 03:11:29.524847+00;60;;false;false;[];;;[]
0b88a669-5290-4150-8414-30b988fad380;SW4M;session;2275728a-e362-4476-87ed-bcaf577ea1ef;103;;L1;[];0;active;2026-01-29 03:11:29.524847+00;2026-01-29 03:11:29.524847+00;60;;false;false;[];;;[]
94edce83-d5a6-42cc-bdd7-8f47418cdc54;VUN2;session;2275728a-e362-4476-87ed-bcaf577ea1ef;104;;L1;[];0;active;2026-01-29 03:11:29.524847+00;2026-01-29 03:11:29.524847+00;60;;false;false;[];;;[]
ca9a62ec-502f-4f7f-9feb-c790de330fc1;TRUE;session;2275728a-e362-4476-87ed-bcaf577ea1ef;105;;L1;[];0;active;2026-01-29 03:11:29.524847+00;2026-01-29 03:11:29.524847+00;60;;false;false;[];;;[]
ec72ac0b-4c92-45eb-9283-49d66cd0834a;RPU7;session;2275728a-e362-4476-87ed-bcaf577ea1ef;106;;L1;[];0;active;2026-01-29 03:11:29.524847+00;2026-01-29 03:11:29.524847+00;60;;false;false;[];;;[]
e13b4b08-976c-4539-8a60-ff7e76835641;Y2ZJ;session;2275728a-e362-4476-87ed-bcaf577ea1ef;107;;L1;[];0;active;2026-01-29 03:11:29.524847+00;2026-01-29 03:11:29.524847+00;60;;false;false;[];;;[]
aaab7ef0-72b2-479f-bebd-975b991c0d53;9SV2;session;2275728a-e362-4476-87ed-bcaf577ea1ef;108;;L1;[];0;active;2026-01-29 03:11:29.524847+00;2026-01-29 03:11:29.524847+00;60;;false;false;[];;;[]
d6c51d2b-61bc-4775-b901-ce2fa41907ef;V8D8;session;2275728a-e362-4476-87ed-bcaf577ea1ef;109;;L1;[];0;active;2026-01-29 03:11:29.524847+00;2026-01-29 03:11:29.524847+00;60;;false;false;[];;;[]
3c447a19-8a87-4dfe-9e0b-34a25a96cb5e;8P53;session;2275728a-e362-4476-87ed-bcaf577ea1ef;110;;L1;[];0;active;2026-01-29 03:11:29.524847+00;2026-01-29 03:11:29.524847+00;60;;false;false;[];;;[]
17545f04-0e1f-41c6-9770-4d3c61b66f6e;SEY7;session;2275728a-e362-4476-87ed-bcaf577ea1ef;111;;L1;[];0;active;2026-01-29 03:11:29.524847+00;2026-01-29 03:11:29.524847+00;60;;false;false;[];;;[]
1b6c33ef-64e1-49d5-9bcb-b35497ef8d82;J68S;session;2275728a-e362-4476-87ed-bcaf577ea1ef;112;;L1;[];0;active;2026-01-29 03:11:29.524847+00;2026-01-29 03:11:29.524847+00;60;;false;false;[];;;[]
cc45163e-e442-4112-b152-3546f5e467b9;EXA6;session;2275728a-e362-4476-87ed-bcaf577ea1ef;113;;L1;[];0;active;2026-01-29 03:11:29.524847+00;2026-01-29 03:11:29.524847+00;60;;false;false;[];;;[]
4bef1931-d1e4-4738-9927-61f08ba067a0;5AXY;session;2275728a-e362-4476-87ed-bcaf577ea1ef;114;;L1;[];0;active;2026-01-29 03:11:29.524847+00;2026-01-29 03:11:29.524847+00;60;;false;false;[];;;[]
bca82550-33bd-4586-a057-9d7406fbc7f9;V2NX;session;2275728a-e362-4476-87ed-bcaf577ea1ef;115;;L1;[];0;active;2026-01-29 03:11:29.524847+00;2026-01-29 03:11:29.524847+00;60;;false;false;[];;;[]
7db7d15f-9f28-4b37-9ac3-fb510b754cff;8NJN;session;2275728a-e362-4476-87ed-bcaf577ea1ef;116;;L1;[];0;active;2026-01-29 03:11:29.524847+00;2026-01-29 03:11:29.524847+00;60;;false;false;[];;;[]
140cfd06-0371-4d17-b0e9-920e6df5e77a;2FPA;session;2275728a-e362-4476-87ed-bcaf577ea1ef;117;;L1;[];0;active;2026-01-29 03:11:29.524847+00;2026-01-29 03:11:29.524847+00;60;;false;false;[];;;[]
285f74fd-2371-4a81-ba13-0c96fd0162c4;DTQB;session;2275728a-e362-4476-87ed-bcaf577ea1ef;118;;L1;[];0;active;2026-01-29 03:11:29.524847+00;2026-01-29 03:11:29.524847+00;60;;false;false;[];;;[]
9f925fb7-0931-49a2-bd72-dc2a70eaa470;VLP9;session;2275728a-e362-4476-87ed-bcaf577ea1ef;119;;L1;[];0;active;2026-01-29 03:11:29.524847+00;2026-01-29 03:11:29.524847+00;60;;false;false;[];;;[]
4c4dbde9-ca48-4c91-9373-2353ce4e6c7e;EP35;session;2275728a-e362-4476-87ed-bcaf577ea1ef;120;;L1;[];0;active;2026-01-29 03:11:29.524847+00;2026-01-29 03:11:29.524847+00;60;;false;false;[];;;[]
966aa75b-e8f6-4f6e-a205-61107727e02c;QPKQ;session;2275728a-e362-4476-87ed-bcaf577ea1ef;121;;L1;[];0;active;2026-01-29 03:11:29.524847+00;2026-01-29 03:11:29.524847+00;60;;false;false;[];;;[]
a72fc478-9d6d-4d6c-871f-60dd1cc909a1;FFWL;session;2275728a-e362-4476-87ed-bcaf577ea1ef;122;;L1;[];0;active;2026-01-29 03:11:29.524847+00;2026-01-29 03:11:29.524847+00;60;;false;false;[];;;[]
d5b135d1-5c3a-430c-9756-a4bdb515a357;LTFU;session;2275728a-e362-4476-87ed-bcaf577ea1ef;123;;L1;[];0;active;2026-01-29 03:11:29.524847+00;2026-01-29 03:11:29.524847+00;60;;false;false;[];;;[]
0f3b1655-8cb0-4290-844a-d9b946cb31e7;WANH;session;2275728a-e362-4476-87ed-bcaf577ea1ef;124;;L1;[];0;active;2026-01-29 03:11:29.524847+00;2026-01-29 03:11:29.524847+00;60;;false;false;[];;;[]
e45c057b-bd77-4bf6-84e9-d205a2d36f1a;5XVW;session;2275728a-e362-4476-87ed-bcaf577ea1ef;125;;L1;[];0;active;2026-01-29 03:11:29.524847+00;2026-01-29 03:11:29.524847+00;60;;false;false;[];;;[]
cf405225-1403-4602-8af1-ffec1c2a18e4;MY32;session;2275728a-e362-4476-87ed-bcaf577ea1ef;126;;L1;[];0;active;2026-01-29 03:11:29.524847+00;2026-01-29 03:11:29.524847+00;60;;false;false;[];;;[]
a25eac44-4701-4996-b352-5d49f046d76c;UH6A;session;2275728a-e362-4476-87ed-bcaf577ea1ef;127;;L1;[];0;active;2026-01-29 03:11:29.524847+00;2026-01-29 03:11:29.524847+00;60;;false;false;[];;;[]
512d763b-401e-42ea-a5a3-1ecc562aa513;S8MS;session;2275728a-e362-4476-87ed-bcaf577ea1ef;128;;L1;[];0;active;2026-01-29 03:11:29.524847+00;2026-01-29 03:11:29.524847+00;60;;false;false;[];;;[]
ee16390e-a6e4-4ed6-a64f-2caad93e0077;YRLG;session;2275728a-e362-4476-87ed-bcaf577ea1ef;129;;L1;[];0;active;2026-01-29 03:11:29.524847+00;2026-01-29 03:11:29.524847+00;60;;false;false;[];;;[]
911d28ec-e25e-4318-8d66-bc67bc4149e5;QVAS;session;2275728a-e362-4476-87ed-bcaf577ea1ef;130;;L1;[];0;active;2026-01-29 03:11:29.524847+00;2026-01-29 03:11:29.524847+00;60;;false;false;[];;;[]
ddcf9809-18ed-4400-90be-d96f7eda2edb;GDY2;session;2275728a-e362-4476-87ed-bcaf577ea1ef;131;;L1;[];0;active;2026-01-29 03:11:29.524847+00;2026-01-29 03:11:29.524847+00;60;;false;false;[];;;[]
a30b9d81-d54e-42f3-832b-99f879ec5df0;KHQH;session;2275728a-e362-4476-87ed-bcaf577ea1ef;132;;L1;[];0;active;2026-01-29 03:11:29.524847+00;2026-01-29 03:11:29.524847+00;60;;false;false;[];;;[]
09627bf2-a56f-4063-a68a-16bdfe091af7;BYKL;session;2275728a-e362-4476-87ed-bcaf577ea1ef;133;;L1;[];0;active;2026-01-29 03:11:29.524847+00;2026-01-29 03:11:29.524847+00;60;;false;false;[];;;[]
4025eef3-f2aa-4e92-a051-7fb016f25725;7EQF;session;2275728a-e362-4476-87ed-bcaf577ea1ef;134;;L1;[];0;active;2026-01-29 03:11:29.524847+00;2026-01-29 03:11:29.524847+00;60;;false;false;[];;;[]
ad90cbfd-c739-403f-a861-997c917cf066;8BUS;session;2275728a-e362-4476-87ed-bcaf577ea1ef;135;;L1;[];0;active;2026-01-29 03:11:29.524847+00;2026-01-29 03:11:29.524847+00;60;;false;false;[];;;[]
6288b8b0-b289-4fa7-b5f8-8b0fdca4bb7c;48K7;session;2275728a-e362-4476-87ed-bcaf577ea1ef;136;;L1;[];0;active;2026-01-29 03:11:29.524847+00;2026-01-29 03:11:29.524847+00;60;;false;false;[];;;[]
40667ddf-869e-46b8-9918-70bd5039d8c5;3C7M;session;2275728a-e362-4476-87ed-bcaf577ea1ef;137;;L1;[];0;active;2026-01-29 03:11:29.524847+00;2026-01-29 03:11:29.524847+00;60;;false;false;[];;;[]
2fee5d7a-910a-4c5a-a601-bebf5948a346;QVM2;session;2275728a-e362-4476-87ed-bcaf577ea1ef;138;;L1;[];0;active;2026-01-29 03:11:29.524847+00;2026-01-29 03:11:29.524847+00;60;;false;false;[];;;[]
1aa27850-2e9a-4a43-9a00-e3440bf38076;92SZ;session;2275728a-e362-4476-87ed-bcaf577ea1ef;139;;L1;[];0;active;2026-01-29 03:11:29.524847+00;2026-01-29 03:11:29.524847+00;60;;false;false;[];;;[]
651c5478-628c-4cd5-9ae3-4f0c6ca50036;FXF9;session;2275728a-e362-4476-87ed-bcaf577ea1ef;140;;L1;[];0;active;2026-01-29 03:11:29.524847+00;2026-01-29 03:11:29.524847+00;60;;false;false;[];;;[]
a086db57-7c6b-4a7a-aca6-348ae1eefa5b;9ANQ;session;2275728a-e362-4476-87ed-bcaf577ea1ef;141;;L1;[];0;active;2026-01-29 03:11:29.524847+00;2026-01-29 03:11:29.524847+00;60;;false;false;[];;;[]
889d9f8c-3c63-4d9f-8bce-7bf192a284c5;Q5ZC;session;2275728a-e362-4476-87ed-bcaf577ea1ef;142;;L1;[];0;active;2026-01-29 03:11:29.524847+00;2026-01-29 03:11:29.524847+00;60;;false;false;[];;;[]
c0aeea12-b558-4883-a346-b6e788b4459a;KXBR;session;2275728a-e362-4476-87ed-bcaf577ea1ef;143;;L1;[];0;active;2026-01-29 03:11:29.524847+00;2026-01-29 03:11:29.524847+00;60;;false;false;[];;;[]
112a502c-fc5a-4a12-8c4e-52f8046d3aab;KH62;session;2275728a-e362-4476-87ed-bcaf577ea1ef;144;;L1;[];0;active;2026-01-29 03:11:29.524847+00;2026-01-29 03:11:29.524847+00;60;;false;false;[];;;[]
ec200b90-eb1e-46b2-b7f1-f9a4488c84b7;QUUA;session;2275728a-e362-4476-87ed-bcaf577ea1ef;145;;L1;[];0;active;2026-01-29 03:11:29.524847+00;2026-01-29 03:11:29.524847+00;60;;false;false;[];;;[]
63b11b05-e42e-45a7-8855-eb11850b0a96;JM7X;session;2275728a-e362-4476-87ed-bcaf577ea1ef;146;;L1;[];0;active;2026-01-29 03:11:29.524847+00;2026-01-29 03:11:29.524847+00;60;;false;false;[];;;[]
dcbcb83e-1a2d-4cc7-be27-f527b6f2c473;AMKU;session;2275728a-e362-4476-87ed-bcaf577ea1ef;147;;L1;[];0;active;2026-01-29 03:11:29.524847+00;2026-01-29 03:11:29.524847+00;60;;false;false;[];;;[]
54d836be-8a65-4f96-a336-5723952eca99;X3BW;session;2275728a-e362-4476-87ed-bcaf577ea1ef;148;;L1;[];0;active;2026-01-29 03:11:29.524847+00;2026-01-29 03:11:29.524847+00;60;;false;false;[];;;[]
14c81b86-4805-4568-a63a-0d13d2d829fa;QGJM;session;2275728a-e362-4476-87ed-bcaf577ea1ef;149;;L1;[];0;active;2026-01-29 03:11:29.524847+00;2026-01-29 03:11:29.524847+00;60;;false;false;[];;;[]
32580c20-f6d3-4855-b612-04b4e754d9ae;2KCF;session;2275728a-e362-4476-87ed-bcaf577ea1ef;150;;L1;[];0;active;2026-01-29 03:11:29.524847+00;2026-01-29 03:11:29.524847+00;60;;false;false;[];;;[]
a4ee427c-3393-4e6a-b0e7-2663d2959c18;86QC;session;2275728a-e362-4476-87ed-bcaf577ea1ef;151;;L1;[];0;active;2026-01-29 03:11:29.524847+00;2026-01-29 03:11:29.524847+00;60;;false;false;[];;;[]
72a580cc-9645-4b09-8890-56aa36eb2fda;55ZW;session;2275728a-e362-4476-87ed-bcaf577ea1ef;152;;L1;[];0;active;2026-01-29 03:11:29.524847+00;2026-01-29 03:11:29.524847+00;60;;false;false;[];;;[]
2dd26d65-591f-4280-aa9c-5e962e5e2489;YBX8;session;2275728a-e362-4476-87ed-bcaf577ea1ef;153;;L1;[];0;active;2026-01-29 03:11:29.524847+00;2026-01-29 03:11:29.524847+00;60;;false;false;[];;;[]
bf30f1d9-fa74-4743-bd70-49faef5b6f8f;C2PH;session;2275728a-e362-4476-87ed-bcaf577ea1ef;154;;L1;[];0;active;2026-01-29 03:11:29.524847+00;2026-01-29 03:11:29.524847+00;60;;false;false;[];;;[]
51d09f61-033f-439a-a38c-f6e8d93107fc;25Z8;session;2275728a-e362-4476-87ed-bcaf577ea1ef;155;;L1;[];0;active;2026-01-29 03:11:29.524847+00;2026-01-29 03:11:29.524847+00;60;;false;false;[];;;[]
031e03b7-c381-4666-8eda-d76daa16ebd1;6CP3;session;2275728a-e362-4476-87ed-bcaf577ea1ef;156;;L1;[];0;active;2026-01-29 03:11:29.524847+00;2026-01-29 03:11:29.524847+00;60;;false;false;[];;;[]
f6368225-2c7b-411c-b167-aa1be5478fe5;2JMT;session;2275728a-e362-4476-87ed-bcaf577ea1ef;157;;L1;[];0;active;2026-01-29 03:11:29.524847+00;2026-01-29 03:11:29.524847+00;60;;false;false;[];;;[]
628b63ee-4721-41be-bd1a-1060dbf051d6;ME9T;session;2275728a-e362-4476-87ed-bcaf577ea1ef;158;;L1;[];0;active;2026-01-29 03:11:29.524847+00;2026-01-29 03:11:29.524847+00;60;;false;false;[];;;[]
fe5dd377-f72f-4ba6-9894-aed545e7f67d;JDWA;session;2275728a-e362-4476-87ed-bcaf577ea1ef;159;;L1;[];0;active;2026-01-29 03:11:29.524847+00;2026-01-29 03:11:29.524847+00;60;;false;false;[];;;[]
a70f455d-0a73-4e01-8d1a-f246219f24ab;CK86;session;2275728a-e362-4476-87ed-bcaf577ea1ef;160;;L1;[];0;active;2026-01-29 03:11:29.524847+00;2026-01-29 03:11:29.524847+00;60;;false;false;[];;;[]
3b815563-96d1-4dc5-9b12-4a2326b6a164;H8YU;session;2275728a-e362-4476-87ed-bcaf577ea1ef;161;;L1;[];0;active;2026-01-29 03:11:29.524847+00;2026-01-29 03:11:29.524847+00;60;;false;false;[];;;[]
125c0c94-01d8-4cf6-8246-2a29f11e9abc;FTZG;session;2275728a-e362-4476-87ed-bcaf577ea1ef;162;;L1;[];0;active;2026-01-29 03:11:29.524847+00;2026-01-29 03:11:29.524847+00;60;;false;false;[];;;[]
a45a65e6-e87b-4c0e-8aeb-0ebdb91d4f28;KQF2;session;2275728a-e362-4476-87ed-bcaf577ea1ef;163;;L1;[];0;active;2026-01-29 03:11:29.524847+00;2026-01-29 03:11:29.524847+00;60;;false;false;[];;;[]
882be8e2-1991-486d-b4b8-57682bd2357b;EJHC;session;2275728a-e362-4476-87ed-bcaf577ea1ef;164;;L1;[];0;active;2026-01-29 03:11:29.524847+00;2026-01-29 03:11:29.524847+00;60;;false;false;[];;;[]
f7096454-c92d-4188-9fed-1b4a39cbb8d5;282A;session;2275728a-e362-4476-87ed-bcaf577ea1ef;165;;L1;[];0;active;2026-01-29 03:11:29.524847+00;2026-01-29 03:11:29.524847+00;60;;false;false;[];;;[]
072df7dc-e01b-4bdc-b521-7049ff7747f3;CW3A;session;2275728a-e362-4476-87ed-bcaf577ea1ef;166;;L1;[];0;active;2026-01-29 03:11:29.524847+00;2026-01-29 03:11:29.524847+00;60;;false;false;[];;;[]
1c8e64e1-6825-40cc-ae1b-19c3ed21fc11;UJZY;session;2275728a-e362-4476-87ed-bcaf577ea1ef;167;;L1;[];0;active;2026-01-29 03:11:29.524847+00;2026-01-29 03:11:29.524847+00;60;;false;false;[];;;[]
661a9db8-8bf8-40c9-bcf8-e8a07758fb66;GQ79;session;2275728a-e362-4476-87ed-bcaf577ea1ef;168;;L1;[];0;active;2026-01-29 03:11:29.524847+00;2026-01-29 03:11:29.524847+00;60;;false;false;[];;;[]
07494719-3704-438d-bcaf-ce5ec0751a11;3HNG;session;2275728a-e362-4476-87ed-bcaf577ea1ef;169;;L1;[];0;active;2026-01-29 03:11:29.524847+00;2026-01-29 03:11:29.524847+00;60;;false;false;[];;;[]
847f7649-d76c-4c21-89c9-b97c02b3d4ad;2395;session;2275728a-e362-4476-87ed-bcaf577ea1ef;170;;L1;[];0;active;2026-01-29 03:11:29.524847+00;2026-01-29 03:11:29.524847+00;60;;false;false;[];;;[]
e637ed7f-6c22-4b82-b320-d752a77a1a6a;KVFD;session;2275728a-e362-4476-87ed-bcaf577ea1ef;171;;L1;[];0;active;2026-01-29 03:11:29.524847+00;2026-01-29 03:11:29.524847+00;60;;false;false;[];;;[]
4cb66e17-6e69-44ad-98cd-2eabd15a8503;J5UY;session;2275728a-e362-4476-87ed-bcaf577ea1ef;172;;L1;[];0;active;2026-01-29 03:11:29.524847+00;2026-01-29 03:11:29.524847+00;60;;false;false;[];;;[]
b7455d20-9343-4c0b-a7d5-a52c058f0cb0;PU8M;session;2275728a-e362-4476-87ed-bcaf577ea1ef;173;;L1;[];0;active;2026-01-29 03:11:29.524847+00;2026-01-29 03:11:29.524847+00;60;;false;false;[];;;[]
018c484c-6623-4f72-917c-29883553d7fb;ZL39;session;2275728a-e362-4476-87ed-bcaf577ea1ef;174;;L1;[];0;active;2026-01-29 03:11:29.524847+00;2026-01-29 03:11:29.524847+00;60;;false;false;[];;;[]
9a3ea085-16b4-4a77-bb44-04b6f09b99b6;9Q8L;session;2275728a-e362-4476-87ed-bcaf577ea1ef;175;;L1;[];0;active;2026-01-29 03:11:29.524847+00;2026-01-29 03:11:29.524847+00;60;;false;false;[];;;[]
74fdd48b-fa58-429c-b4be-93f6d3ab69f8;WU3T;session;2275728a-e362-4476-87ed-bcaf577ea1ef;176;;L1;[];0;active;2026-01-29 03:11:29.524847+00;2026-01-29 03:11:29.524847+00;60;;false;false;[];;;[]
5b710217-258f-4f7f-aeeb-97e0872f6bc3;AWS9;session;2275728a-e362-4476-87ed-bcaf577ea1ef;177;;L1;[];0;active;2026-01-29 03:11:29.524847+00;2026-01-29 03:11:29.524847+00;60;;false;false;[];;;[]
0f5ea64b-a166-4cd9-ab6d-455028740c34;QDUZ;session;2275728a-e362-4476-87ed-bcaf577ea1ef;178;;L1;[];0;active;2026-01-29 03:11:29.524847+00;2026-01-29 03:11:29.524847+00;60;;false;false;[];;;[]
0f53a507-427f-41bd-b908-19c82fda8d4f;5P32;session;2275728a-e362-4476-87ed-bcaf577ea1ef;179;;L1;[];0;active;2026-01-29 03:11:29.524847+00;2026-01-29 03:11:29.524847+00;60;;false;false;[];;;[]
8e3f2961-eb3e-4588-84f4-2a24594a81b7;RLVD;session;2275728a-e362-4476-87ed-bcaf577ea1ef;180;;L1;[];0;active;2026-01-29 03:11:29.524847+00;2026-01-29 03:11:29.524847+00;60;;false;false;[];;;[]
88e44dc1-8698-4c96-9bba-a9b9a41ccf31;JJJS;session;2275728a-e362-4476-87ed-bcaf577ea1ef;181;;L1;[];0;active;2026-01-29 03:11:29.524847+00;2026-01-29 03:11:29.524847+00;60;;false;false;[];;;[]
4fadd5c1-e2a6-47d9-9b35-6265f1e346f8;ZLHC;session;2275728a-e362-4476-87ed-bcaf577ea1ef;182;;L1;[];0;active;2026-01-29 03:11:29.524847+00;2026-01-29 03:11:29.524847+00;60;;false;false;[];;;[]
af98eebc-c017-4c41-b165-18bcd28b5d32;7AHJ;session;2275728a-e362-4476-87ed-bcaf577ea1ef;183;;L1;[];0;active;2026-01-29 03:11:29.524847+00;2026-01-29 03:11:29.524847+00;60;;false;false;[];;;[]
f1d58b18-e674-411c-91f8-48b74262078a;RP37;session;2275728a-e362-4476-87ed-bcaf577ea1ef;184;;L1;[];0;active;2026-01-29 03:11:29.524847+00;2026-01-29 03:11:29.524847+00;60;;false;false;[];;;[]
12dc6eaa-a6d0-439c-a92e-f8e350dfcc23;T85M;session;2275728a-e362-4476-87ed-bcaf577ea1ef;185;;L1;[];0;active;2026-01-29 03:11:29.524847+00;2026-01-29 03:11:29.524847+00;60;;false;false;[];;;[]
7a6099c3-11be-4674-a26f-8af9f010fb4c;3R66;session;2275728a-e362-4476-87ed-bcaf577ea1ef;186;;L1;[];0;active;2026-01-29 03:11:29.524847+00;2026-01-29 03:11:29.524847+00;60;;false;false;[];;;[]
f20487a0-b925-4ff4-999c-1084350cfc6b;PVQU;session;2275728a-e362-4476-87ed-bcaf577ea1ef;187;;L1;[];0;active;2026-01-29 03:11:29.524847+00;2026-01-29 03:11:29.524847+00;60;;false;false;[];;;[]
e2f853e6-6156-4bf8-8b29-28af588d7c57;TLA3;session;2275728a-e362-4476-87ed-bcaf577ea1ef;188;;L1;[];0;active;2026-01-29 03:11:29.524847+00;2026-01-29 03:11:29.524847+00;60;;false;false;[];;;[]
8f9ac565-0a99-4614-b31c-5681f9e64e26;KC6T;session;2275728a-e362-4476-87ed-bcaf577ea1ef;189;;L1;[];0;active;2026-01-29 03:11:29.524847+00;2026-01-29 03:11:29.524847+00;60;;false;false;[];;;[]
a245a18e-54da-4da8-8471-971bb614ff2d;PEAY;session;2275728a-e362-4476-87ed-bcaf577ea1ef;190;;L1;[];0;active;2026-01-29 03:11:29.524847+00;2026-01-29 03:11:29.524847+00;60;;false;false;[];;;[]
1b02de12-6688-44de-a32f-20f2a366d135;LHCJ;session;2275728a-e362-4476-87ed-bcaf577ea1ef;191;;L1;[];0;active;2026-01-29 03:11:29.524847+00;2026-01-29 03:11:29.524847+00;60;;false;false;[];;;[]
6b7d1526-58ec-43a5-9416-a2171ed7e43e;ADVS;session;2275728a-e362-4476-87ed-bcaf577ea1ef;192;;L1;[];0;active;2026-01-29 03:11:29.524847+00;2026-01-29 03:11:29.524847+00;60;;false;false;[];;;[]
4eeccb5d-2787-4910-b668-f96028f84889;WHX6;session;2275728a-e362-4476-87ed-bcaf577ea1ef;193;;L1;[];0;active;2026-01-29 03:11:29.524847+00;2026-01-29 03:11:29.524847+00;60;;false;false;[];;;[]
9cb11baf-f098-45cd-ba42-b6f5e2985bfa;T4Z3;session;2275728a-e362-4476-87ed-bcaf577ea1ef;194;;L1;[];0;active;2026-01-29 03:11:29.524847+00;2026-01-29 03:11:29.524847+00;60;;false;false;[];;;[]
16566423-d143-4228-8dbe-b15a5c68cb14;B7B4;session;2275728a-e362-4476-87ed-bcaf577ea1ef;195;;L1;[];0;active;2026-01-29 03:11:29.524847+00;2026-01-29 03:11:29.524847+00;60;;false;false;[];;;[]
75a740ac-5467-40db-a766-184dd0613b77;A2J7;session;2275728a-e362-4476-87ed-bcaf577ea1ef;196;;L1;[];0;active;2026-01-29 03:11:29.524847+00;2026-01-29 03:11:29.524847+00;60;;false;false;[];;;[]
08cbdb32-ca6d-49e9-8409-b5ac489bfa10;EWD8;session;2275728a-e362-4476-87ed-bcaf577ea1ef;197;;L1;[];0;active;2026-01-29 03:11:29.524847+00;2026-01-29 03:11:29.524847+00;60;;false;false;[];;;[]
6740b6de-8ea2-40a8-b270-0b659b5050bd;6GDK;session;2275728a-e362-4476-87ed-bcaf577ea1ef;198;;L1;[];0;active;2026-01-29 03:11:29.524847+00;2026-01-29 03:11:29.524847+00;60;;false;false;[];;;[]
e847860a-c5ce-419a-ae37-76d6cbf3582b;A9WP;session;2275728a-e362-4476-87ed-bcaf577ea1ef;199;;L1;[];0;active;2026-01-29 03:11:29.524847+00;2026-01-29 03:11:29.524847+00;60;;false;false;[];;;[]
44f55c4b-d1ad-4fd7-9c4a-ca96cff3d2e6;AKPW;session;2275728a-e362-4476-87ed-bcaf577ea1ef;200;;L1;[];0;active;2026-01-29 03:11:29.524847+00;2026-01-29 03:11:29.524847+00;60;;false;false;[];;;[]
1698c6bf-1546-43a8-b202-0b98e873124b;FEEU;session;2275728a-e362-4476-87ed-bcaf577ea1ef;201;;L1;[];0;active;2026-01-29 03:11:29.524847+00;2026-01-29 03:11:29.524847+00;60;;false;false;[];;;[]
bbbf6348-9102-4449-9230-9db69a1e9c69;8GUK;session;2275728a-e362-4476-87ed-bcaf577ea1ef;202;;L1;[];0;active;2026-01-29 03:11:29.524847+00;2026-01-29 03:11:29.524847+00;60;;false;false;[];;;[]
f3aae8f1-e071-4a3e-9deb-0c58bf97e225;7E26;session;2275728a-e362-4476-87ed-bcaf577ea1ef;203;;L1;[];0;active;2026-01-29 03:11:29.524847+00;2026-01-29 03:11:29.524847+00;60;;false;false;[];;;[]
7df9175f-cb11-4047-9577-e3cb96400ecb;WN4R;session;2275728a-e362-4476-87ed-bcaf577ea1ef;204;;L1;[];0;active;2026-01-29 03:11:29.524847+00;2026-01-29 03:11:29.524847+00;60;;false;false;[];;;[]
d39542a8-00b8-4b2d-9724-590493d20984;DS98;session;2275728a-e362-4476-87ed-bcaf577ea1ef;205;;L1;[];0;active;2026-01-29 03:11:29.524847+00;2026-01-29 03:11:29.524847+00;60;;false;false;[];;;[]
5855aebb-09e6-497c-91da-27d9b0026974;PBU5;session;2275728a-e362-4476-87ed-bcaf577ea1ef;206;;L1;[];0;active;2026-01-29 03:11:29.524847+00;2026-01-29 03:11:29.524847+00;60;;false;false;[];;;[]
8daf394a-a887-4be0-ae2a-ae7c36489cbf;JZ89;session;2275728a-e362-4476-87ed-bcaf577ea1ef;207;;L1;[];0;active;2026-01-29 03:11:29.524847+00;2026-01-29 03:11:29.524847+00;60;;false;false;[];;;[]
c49527ed-5d75-408c-8310-0e5bfa2278e2;5VMZ;session;2275728a-e362-4476-87ed-bcaf577ea1ef;208;;L1;[];0;active;2026-01-29 03:11:29.524847+00;2026-01-29 03:11:29.524847+00;60;;false;false;[];;;[]
cff7f558-5beb-43be-851f-80f30dc34969;SQR3;session;2275728a-e362-4476-87ed-bcaf577ea1ef;209;;L1;[];0;active;2026-01-29 03:11:29.524847+00;2026-01-29 03:11:29.524847+00;60;;false;false;[];;;[]
07900160-06cb-4e3e-829f-1849f0a5239e;8JC6;session;2275728a-e362-4476-87ed-bcaf577ea1ef;210;;L1;[];0;active;2026-01-29 03:11:29.524847+00;2026-01-29 03:11:29.524847+00;60;;false;false;[];;;[]
f2fc13b9-750d-41cc-bb0c-6be4440f4367;L7CH;session;2275728a-e362-4476-87ed-bcaf577ea1ef;211;;L1;[];0;active;2026-01-29 03:11:29.524847+00;2026-01-29 03:11:29.524847+00;60;;false;false;[];;;[]
634a18c0-af92-4f57-b9be-0c519b9ba119;GML8;session;2275728a-e362-4476-87ed-bcaf577ea1ef;212;;L1;[];0;active;2026-01-29 03:11:29.524847+00;2026-01-29 03:11:29.524847+00;60;;false;false;[];;;[]
a0fb238f-1bbb-4e5e-b3da-8661b38fbbc3;YPBZ;session;2275728a-e362-4476-87ed-bcaf577ea1ef;213;;L1;[];0;active;2026-01-29 03:11:29.524847+00;2026-01-29 03:11:29.524847+00;60;;false;false;[];;;[]
88cf681f-09d5-4710-a9bf-f003f47ef388;LYQW;session;2275728a-e362-4476-87ed-bcaf577ea1ef;214;;L1;[];0;active;2026-01-29 03:11:29.524847+00;2026-01-29 03:11:29.524847+00;60;;false;false;[];;;[]
0ebb37f1-27ee-4136-99d4-18a9690b032f;96WY;session;2275728a-e362-4476-87ed-bcaf577ea1ef;215;;L1;[];0;active;2026-01-29 03:11:29.524847+00;2026-01-29 03:11:29.524847+00;60;;false;false;[];;;[]
1d6398e5-af6a-48ce-8998-810e7ecc7b9e;9B9C;session;2275728a-e362-4476-87ed-bcaf577ea1ef;216;;L1;[];0;active;2026-01-29 03:11:29.524847+00;2026-01-29 03:11:29.524847+00;60;;false;false;[];;;[]
6895d24f-c6f3-4190-ade6-45a3fb79ed72;R3ZT;session;2275728a-e362-4476-87ed-bcaf577ea1ef;217;;L1;[];0;active;2026-01-29 03:11:29.524847+00;2026-01-29 03:11:29.524847+00;60;;false;false;[];;;[]
b0fed411-bd34-49a7-a7d6-2f2e937e6c40;VK9U;session;2275728a-e362-4476-87ed-bcaf577ea1ef;218;;L1;[];0;active;2026-01-29 03:11:29.524847+00;2026-01-29 03:11:29.524847+00;60;;false;false;[];;;[]
4936ca2d-7611-47f4-bccc-460782bf6e8f;CKJA;session;2275728a-e362-4476-87ed-bcaf577ea1ef;219;;L1;[];0;active;2026-01-29 03:11:29.524847+00;2026-01-29 03:11:29.524847+00;60;;false;false;[];;;[]
ce3e8e49-199c-4954-ad1f-e1c0115404a2;26V9;session;2275728a-e362-4476-87ed-bcaf577ea1ef;220;;L1;[];0;active;2026-01-29 03:11:29.524847+00;2026-01-29 03:11:29.524847+00;60;;false;false;[];;;[]
7f304544-feb6-4601-a878-2d06bf4b80f6;PVTC;session;2275728a-e362-4476-87ed-bcaf577ea1ef;221;;L1;[];0;active;2026-01-29 03:11:29.524847+00;2026-01-29 03:11:29.524847+00;60;;false;false;[];;;[]
418a967e-eafd-4192-9572-3ebddb5a5b8c;TWMN;session;2275728a-e362-4476-87ed-bcaf577ea1ef;222;;L1;[];0;active;2026-01-29 03:11:29.524847+00;2026-01-29 03:11:29.524847+00;60;;false;false;[];;;[]
b571f834-bd41-4b35-89b0-ed9770406f29;PEYC;session;2275728a-e362-4476-87ed-bcaf577ea1ef;223;;L1;[];0;active;2026-01-29 03:11:29.524847+00;2026-01-29 03:11:29.524847+00;60;;false;false;[];;;[]
a63628b5-c1d0-4f4a-9e05-e4a321f0bdb1;8NDP;session;2275728a-e362-4476-87ed-bcaf577ea1ef;224;;L1;[];0;active;2026-01-29 03:11:29.524847+00;2026-01-29 03:11:29.524847+00;60;;false;false;[];;;[]
1e642542-2141-4062-8d75-37a06e509c1e;MRRC;session;2275728a-e362-4476-87ed-bcaf577ea1ef;225;;L1;[];0;active;2026-01-29 03:11:29.524847+00;2026-01-29 03:11:29.524847+00;60;;false;false;[];;;[]
4c26c53b-a690-47d1-86b1-1f5c68827b8a;FWFE;session;2275728a-e362-4476-87ed-bcaf577ea1ef;226;;L1;[];0;active;2026-01-29 03:11:29.524847+00;2026-01-29 03:11:29.524847+00;60;;false;false;[];;;[]
6c76524f-7382-4939-a2ed-42cfe1e5ff20;6QWB;session;2275728a-e362-4476-87ed-bcaf577ea1ef;227;;L1;[];0;active;2026-01-29 03:11:29.524847+00;2026-01-29 03:11:29.524847+00;60;;false;false;[];;;[]
c19d3f63-1769-42e9-8661-041bda5280b9;JKUE;session;2275728a-e362-4476-87ed-bcaf577ea1ef;228;;L1;[];0;active;2026-01-29 03:11:29.524847+00;2026-01-29 03:11:29.524847+00;60;;false;false;[];;;[]
17ca1349-6893-471f-a2b4-7aa984cb8d5f;CUE6;session;2275728a-e362-4476-87ed-bcaf577ea1ef;229;;L1;[];0;active;2026-01-29 03:11:29.524847+00;2026-01-29 03:11:29.524847+00;60;;false;false;[];;;[]
2eba7cc0-9e8c-4e19-b12b-c462d4812bcd;JXKG;session;2275728a-e362-4476-87ed-bcaf577ea1ef;230;;L1;[];0;active;2026-01-29 03:11:29.524847+00;2026-01-29 03:11:29.524847+00;60;;false;false;[];;;[]
73f050b2-3f98-4e98-bfdb-04d82302e14c;2Z6H;session;2275728a-e362-4476-87ed-bcaf577ea1ef;231;;L1;[];0;active;2026-01-29 03:11:29.524847+00;2026-01-29 03:11:29.524847+00;60;;false;false;[];;;[]
0f40a17a-2f57-4183-a634-48e55a7a860c;4GDZ;session;2275728a-e362-4476-87ed-bcaf577ea1ef;232;;L1;[];0;active;2026-01-29 03:11:29.524847+00;2026-01-29 03:11:29.524847+00;60;;false;false;[];;;[]
f69d4e45-98f9-419d-a055-a4768bbfffd0;9GFW;session;2275728a-e362-4476-87ed-bcaf577ea1ef;233;;L1;[];0;active;2026-01-29 03:11:29.524847+00;2026-01-29 03:11:29.524847+00;60;;false;false;[];;;[]
b129864b-8968-4954-be0d-62ff9c4dfff8;QXK6;session;2275728a-e362-4476-87ed-bcaf577ea1ef;234;;L1;[];0;active;2026-01-29 03:11:29.524847+00;2026-01-29 03:11:29.524847+00;60;;false;false;[];;;[]
065c4657-3985-4224-a676-cbf629e93ba6;9KRL;session;2275728a-e362-4476-87ed-bcaf577ea1ef;235;;L1;[];0;active;2026-01-29 03:11:29.524847+00;2026-01-29 03:11:29.524847+00;60;;false;false;[];;;[]
b20a6827-504e-405b-a6c0-8f0b8282e2c8;UTUF;session;2275728a-e362-4476-87ed-bcaf577ea1ef;236;;L1;[];0;active;2026-01-29 03:11:29.524847+00;2026-01-29 03:11:29.524847+00;60;;false;false;[];;;[]
67f8be4c-94bc-4628-bfea-79672c5d0fca;PTTL;session;2275728a-e362-4476-87ed-bcaf577ea1ef;237;;L1;[];0;active;2026-01-29 03:11:29.524847+00;2026-01-29 03:11:29.524847+00;60;;false;false;[];;;[]
edc9ec51-3ad8-4245-9fec-88a362b2445b;2GLS;session;2275728a-e362-4476-87ed-bcaf577ea1ef;238;;L1;[];0;active;2026-01-29 03:11:29.524847+00;2026-01-29 03:11:29.524847+00;60;;false;false;[];;;[]
c307c125-fb50-4237-92ba-8ca8fd51f48a;J6N8;session;2275728a-e362-4476-87ed-bcaf577ea1ef;239;;L1;[];0;active;2026-01-29 03:11:29.524847+00;2026-01-29 03:11:29.524847+00;60;;false;false;[];;;[]
3e21eec4-b43e-4c6e-8900-e8418980acd9;8VH7;session;2275728a-e362-4476-87ed-bcaf577ea1ef;240;;L1;[];0;active;2026-01-29 03:11:29.524847+00;2026-01-29 03:11:29.524847+00;60;;false;false;[];;;[]
7bc0d6c2-9025-442e-b783-bafc64e69d57;YTMJ;session;2275728a-e362-4476-87ed-bcaf577ea1ef;241;;L1;[];0;active;2026-01-29 03:11:29.524847+00;2026-01-29 03:11:29.524847+00;60;;false;false;[];;;[]
52ebf2ef-d1ec-4bb3-85a7-55d525c89b67;XRWQ;session;2275728a-e362-4476-87ed-bcaf577ea1ef;242;;L1;[];0;active;2026-01-29 03:11:29.524847+00;2026-01-29 03:11:29.524847+00;60;;false;false;[];;;[]
53838743-7ef5-43a9-a6c1-afe9eab07abd;U9CB;session;2275728a-e362-4476-87ed-bcaf577ea1ef;243;;L1;[];0;active;2026-01-29 03:11:29.524847+00;2026-01-29 03:11:29.524847+00;60;;false;false;[];;;[]
bbd152d5-1d16-4e17-a566-be1f378d7408;R5TE;session;2275728a-e362-4476-87ed-bcaf577ea1ef;244;;L1;[];0;active;2026-01-29 03:11:29.524847+00;2026-01-29 03:11:29.524847+00;60;;false;false;[];;;[]
feb59824-a505-48fe-8f58-4eb24f606258;J9RA;session;2275728a-e362-4476-87ed-bcaf577ea1ef;245;;L1;[];0;active;2026-01-29 03:11:29.524847+00;2026-01-29 03:11:29.524847+00;60;;false;false;[];;;[]
e0c92a73-a7df-4e51-b685-cd250474450e;4NSH;session;2275728a-e362-4476-87ed-bcaf577ea1ef;246;;L1;[];0;active;2026-01-29 03:11:29.524847+00;2026-01-29 03:11:29.524847+00;60;;false;false;[];;;[]
97538d0e-e800-4d42-ae9e-d96d90a39218;S8GQ;session;2275728a-e362-4476-87ed-bcaf577ea1ef;247;;L1;[];0;active;2026-01-29 03:11:29.524847+00;2026-01-29 03:11:29.524847+00;60;;false;false;[];;;[]
f12e9b7d-346d-4e08-933d-df776b5f0fc6;WU7M;session;2275728a-e362-4476-87ed-bcaf577ea1ef;248;;L1;[];0;active;2026-01-29 03:11:29.524847+00;2026-01-29 03:11:29.524847+00;60;;false;false;[];;;[]
886121db-8fe0-4ae4-97d6-51f89442d083;E8ZC;standalone;;;a3900319-6cd5-435e-8137-cbafc2d5bbf6;L1;"[""a3900319-6cd5-435e-8137-cbafc2d5bbf6""]";0;active;2026-01-29 03:31:12.570673+00;2026-01-29 03:31:14.938898+00;60;;false;false;[];;;[]
8dbfd2d4-f8a9-45c4-9046-2ee5e08bca77;E6L6;standalone;;;d5d2358c-fb53-447a-bb2b-177517617091;L3;"[""f722bb44-4b9d-4435-b41c-63cbe19864f9"",""270fcc61-bb7a-4728-b953-df237515be85"",""d5d2358c-fb53-447a-bb2b-177517617091""]";0;active;2026-01-29 03:31:54.805615+00;2026-01-29 03:32:06.10529+00;60;;false;false;[];;;[]
31e2a402-44ac-4ec3-9195-9d4a71bee981;BDND;standalone;;;4e39f0f0-1b18-4caf-8f4e-5555286fac50;L1;"[""4e39f0f0-1b18-4caf-8f4e-5555286fac50""]";0;active;2026-01-31 13:40:26.880284+00;2026-01-31 13:40:28.95873+00;60;;false;false;[];;;[]
669bd1f5-ac69-404d-84d2-ee6c522146c8;CVK4;standalone;;;f722bb44-4b9d-4435-b41c-63cbe19864f9;L1;"[""f722bb44-4b9d-4435-b41c-63cbe19864f9""]";0;active;2026-01-31 13:55:42.119661+00;2026-01-31 13:55:44.128855+00;60;;false;false;[];;;[]
8daa1d39-34c3-4925-b5e1-725ad5ca4a52;MKGQ;standalone;;;b2dc5a9a-7908-48dc-b949-2f57ecefbfdd;L1;"[""b2dc5a9a-7908-48dc-b949-2f57ecefbfdd""]";0;active;2026-01-31 14:04:01.664383+00;2026-01-31 14:04:02.919866+00;60;;false;false;[];;;[]