id;template_id;day_number;title;book_name;chapter_start;chapter_end;verse_start;verse_end;scripture_reference;notes
9107ba49-eba0-4b2f-99e1-e7666ed0da59;11111111-1111-1111-1111-111111111103;1;耶穌的家譜與降生;;;;;;馬太福音 1;
121a36b5-95c0-4820-acb7-c80c0dfc9580;11111111-1111-1111-1111-111111111103;2;博士來朝與逃往埃及;;;;;;馬太福音 2;
d113ea4d-9a9a-4ec0-b690-c996ffa224b3;11111111-1111-1111-1111-111111111103;3;施洗約翰與耶穌受洗;;;;;;馬太福音 3;
25626dde-1788-44ac-b2dd-9acc65b30bc2;11111111-1111-1111-1111-111111111103;4;耶穌受試探;;;;;;馬太福音 4;
18119467-9c78-4e84-8061-ad9eb5075417;11111111-1111-1111-1111-111111111103;5;登山寶訓(上);;;;;;馬太福音 5;
6e112d79-5c6b-4d8d-928e-a75add940ec0;11111111-1111-1111-1111-111111111103;6;登山寶訓(中);;;;;;馬太福音 6;
adc659c5-b4df-4402-9bac-117e9793b4b1;11111111-1111-1111-1111-111111111103;7;登山寶訓(下);;;;;;馬太福音 7;
e7938379-8de5-4e18-a6dc-dc6b8d779ced;11111111-1111-1111-1111-111111111103;8;馬可福音開始;;;;;;馬可福音 1-2;
721b3683-0b98-4060-b444-02c1a697a24e;11111111-1111-1111-1111-111111111103;9;耶穌的權柄;;;;;;馬可福音 3-4;
4d3deb00-3cac-4719-95a1-3fe840d7296e;11111111-1111-1111-1111-111111111103;10;神蹟與醫治;;;;;;馬可福音 5-6;
a9591071-bfc6-4349-8b28-1cff6fa6fba7;11111111-1111-1111-1111-111111111103;11;耶穌的教導;;;;;;馬可福音 7-8;
6686bd1b-de4e-482a-817e-97e8e78c832a;11111111-1111-1111-1111-111111111103;12;登山變像;;;;;;馬可福音 9-10;
4ff8869c-99e2-42b6-94be-0da9fcf1edbe;11111111-1111-1111-1111-111111111103;13;進入耶路撒冷;;;;;;馬可福音 11-12;
3d807406-e067-4168-974c-e9b179b252bb;11111111-1111-1111-1111-111111111103;14;末世預言;;;;;;馬可福音 13-14;
27decf3b-20a4-41d4-9261-24719fe9d160;11111111-1111-1111-1111-111111111103;15;受難與復活;;;;;;馬可福音 15-16;
b1822bee-c8b3-4830-83c8-c5c5e286b1f9;11111111-1111-1111-1111-111111111103;16;路加福音序言;;;;;;路加福音 1;
c4972a95-0604-4690-a5b4-819763b739c9;11111111-1111-1111-1111-111111111103;17;耶穌降生與童年;;;;;;路加福音 2;
89d36d47-8344-4eb4-b165-29a437b9f9dd;11111111-1111-1111-1111-111111111103;18;耶穌開始傳道;;;;;;路加福音 3-4;
49d703d0-b428-4a5c-8c81-a27eb9c05fb0;11111111-1111-1111-1111-111111111103;19;呼召門徒;;;;;;路加福音 5-6;
c2572b5f-697e-4513-a6e9-e05b5b83c729;11111111-1111-1111-1111-111111111103;20;信心與憐憫;;;;;;路加福音 7-8;
6e41bc12-0ae6-457e-a0d2-7fd9194b9857;11111111-1111-1111-1111-111111111103;21;差遣門徒;;;;;;路加福音 9-10;
b7f6a49c-85cf-4f35-981d-29bee0613805;11111111-1111-1111-1111-111111111103;22;禱告與警醒;;;;;;路加福音 11-12;
ee14cb07-a2da-4f7c-a162-a866dab68ad8;11111111-1111-1111-1111-111111111103;23;比喻教導;;;;;;路加福音 13-15;
4e01d5a3-350e-4f6d-a741-bb1f1e14025c;11111111-1111-1111-1111-111111111103;24;約翰福音序言;;;;;;約翰福音 1;
0f022976-8267-4c20-9b13-0db3c154aa43;11111111-1111-1111-1111-111111111103;25;神蹟的開始;;;;;;約翰福音 2-3;
27fde796-f33e-4dc9-a57c-5409c0ee1c89;11111111-1111-1111-1111-111111111103;26;活水與生命;;;;;;約翰福音 4-5;
9be21f6f-7447-4e6b-aaf7-e3dfa9cda277;11111111-1111-1111-1111-111111111103;27;生命的糧;;;;;;約翰福音 6-7;
2f9a7a99-976c-4df8-8b04-3542c1c1ed54;11111111-1111-1111-1111-111111111103;28;世界的光;;;;;;約翰福音 8-9;
9f96d86d-46e2-4bef-89a8-59c2c21c0f09;11111111-1111-1111-1111-111111111103;29;好牧人與復活;;;;;;約翰福音 10-11;
db05ec7f-a168-4940-bd2f-1c8f8736060c;11111111-1111-1111-1111-111111111103;30;最後的教導;;;;;;約翰福音 12-14;
8e5893be-2f0e-46d6-9c48-5f96da8bc5f5;11111111-1111-1111-1111-111111111106;1;神創造世界;;;;;;創世記 1-2;
0102cd09-9055-4da6-af7c-ab73f76f1a4a;11111111-1111-1111-1111-111111111106;2;人的墮落;;;;;;創世記 3;
df7be715-aa52-442b-b5cc-20df03864841;11111111-1111-1111-1111-111111111106;3;神的揀選;;;;;;"創世記 12:1-9; 15:1-21";
575f78e9-31b2-4de5-a100-62e672a25546;11111111-1111-1111-1111-111111111106;4;逾越節羔羊;;;;;;出埃及記 12:1-28;
4b687cec-1294-4b0e-b77e-e32d0e5ce0e6;11111111-1111-1111-1111-111111111106;5;贖罪祭;;;;;;利未記 16:1-22;
c9cf44c7-1d82-4792-8932-40332204f4a6;11111111-1111-1111-1111-111111111106;6;受苦的僕人;;;;;;以賽亞書 53;
aba544cb-9de2-453a-aaa3-3f1b38e03efd;11111111-1111-1111-1111-111111111106;7;新約的應許;;;;;;耶利米書 31:31-34;
301b45c8-7944-45e8-a998-08d81819c259;11111111-1111-1111-1111-111111111106;8;道成肉身;;;;;;約翰福音 1:1-18;
41f01493-d331-4ea1-8e89-3edd12cb03c1;11111111-1111-1111-1111-111111111106;9;神愛世人;;;;;;約翰福音 3:1-21;
59f69e2f-a6db-4850-bdef-78362aaa6bbf;11111111-1111-1111-1111-111111111106;10;十字架的愛;;;;;;羅馬書 5:1-11;
2a5dd829-3796-4d54-82a0-89be2d98acd0;11111111-1111-1111-1111-111111111106;11;因信稱義;;;;;;羅馬書 3:21-31;
8f3c7bf2-c8ff-491f-ac2b-958fbf557640;11111111-1111-1111-1111-111111111106;12;與基督同死同活;;;;;;羅馬書 6:1-14;
19fb8614-a904-4c8c-9251-abf11221c6b3;11111111-1111-1111-1111-111111111106;13;本乎恩因著信;;;;;;以弗所書 2:1-10;
07330bc1-b869-4862-be66-084debb747fc;11111111-1111-1111-1111-111111111106;14;榮耀的盼望;;;;;;"啟示錄 21:1-7; 22:1-5";
c68f4e3f-187a-411a-beea-6a75aaea0ce0;11111111-1111-1111-1111-111111111109;1;神就是愛;;;;;;約翰一書 4:7-21;
c041e274-7f1d-4b07-87d3-119f82e241e1;11111111-1111-1111-1111-111111111109;2;神愛世人;;;;;;約翰福音 3:16-21;
a35adbbf-5c2e-446c-bca0-c3518108fc15;11111111-1111-1111-1111-111111111109;3;愛的真諦;;;;;;哥林多前書 13;
785e3eee-4afb-410b-9b50-72a802cbaf1e;11111111-1111-1111-1111-111111111109;4;愛人如己;;;;;;"馬太福音 22:34-40; 路加福音 10:25-37";
b773349f-9061-4dc2-91a8-e015a23269a0;11111111-1111-1111-1111-111111111109;5;彼此相愛;;;;;;"約翰福音 13:34-35; 15:9-17";
10affdb7-e8bf-4646-b9ba-36cb8f148f53;11111111-1111-1111-1111-111111111109;6;愛仇敵;;;;;;馬太福音 5:43-48;
27a9a768-00b0-4c0b-ae7e-be01dcda4810;11111111-1111-1111-1111-111111111109;7;住在愛裡;;;;;;約翰一書 3:11-24;
55935e09-48ec-4573-9f77-6f4478813ef0;11111111-1111-1111-1111-111111111108;1;信心的定義;;;;;;希伯來書 11:1-6;
107c3a1b-c275-4f06-994b-03417f28f61f;11111111-1111-1111-1111-111111111108;2;亞伯拉罕的信心;;;;;;"創世記 12:1-9; 15:1-6";
ea897a13-0680-4215-b5c9-c2ba8ebd005d;11111111-1111-1111-1111-111111111108;3;獻以撒的信心;;;;;;創世記 22:1-19;
d8a9a454-8b35-4c6f-8e49-b25276f1b283;11111111-1111-1111-1111-111111111108;4;摩西的信心;;;;;;希伯來書 11:23-29;
eddf97e8-c60d-4d85-b5f6-91c48043f129;11111111-1111-1111-1111-111111111108;5;約書亞的信心;;;;;;約書亞記 1:1-9;
43efc5e4-7466-49fd-8a6d-97ed52239b3c;11111111-1111-1111-1111-111111111108;6;大衛的信心;;;;;;撒母耳記上 17:32-50;
7222f528-d949-4add-a541-f2fa37a31d40;11111111-1111-1111-1111-111111111108;7;以利亞的信心;;;;;;列王紀上 18:30-39;
4e78dd75-8134-4803-88eb-cac938d6073c;11111111-1111-1111-1111-111111111108;8;但以理的信心;;;;;;但以理書 6:10-23;
291c8134-8889-411a-a6e3-95ddc8806f79;11111111-1111-1111-1111-111111111108;9;百夫長的信心;;;;;;馬太福音 8:5-13;
e11e48ea-5aee-4d77-befb-263cda1c1275;11111111-1111-1111-1111-111111111108;10;患血漏婦人的信心;;;;;;馬可福音 5:25-34;
8d9abea7-66c8-46a1-a1da-162f0f8ce154;11111111-1111-1111-1111-111111111108;11;彼得行在水上;;;;;;馬太福音 14:22-33;
3e3a8512-62b0-47e8-81c8-9b5d3d8a83c3;11111111-1111-1111-1111-111111111108;12;因信稱義;;;;;;羅馬書 4:1-25;
984d36e0-a5b1-47d1-a34b-fa447af5b1f6;11111111-1111-1111-1111-111111111108;13;信心沒有行為是死的;;;;;;雅各書 2:14-26;
c2c19b96-0b1e-45f3-97ba-63310aff56e3;11111111-1111-1111-1111-111111111108;14;信心的創始成終者;;;;;;希伯來書 12:1-3;
e0f97bbd-724b-4549-807c-fd30c267b561;11111111-1111-1111-1111-111111111107;1;主禱文;;;;;;馬太福音 6:5-15;
3f6bcad8-aa2c-45ba-8bfe-aba893486d7e;11111111-1111-1111-1111-111111111107;2;恆切禱告;;;;;;路加福音 18:1-8;
037c867d-3c1b-4d35-8986-193170da711b;11111111-1111-1111-1111-111111111107;3;奉主名求;;;;;;"約翰福音 14:12-14; 16:23-24";
57a081eb-9292-4d80-9537-c58688502c4b;11111111-1111-1111-1111-111111111107;4;亞伯拉罕的代求;;;;;;創世記 18:20-33;
196917f0-caae-41d3-bdf1-b8db35f256b0;11111111-1111-1111-1111-111111111107;5;摩西的代禱;;;;;;出埃及記 32:30-34;
0cf4c917-0ff3-4612-95bc-8c4ef970488c;11111111-1111-1111-1111-111111111107;6;哈拿的禱告;;;;;;"撒母耳記上 1:9-20; 2:1-10";
39ae67b1-3417-4c89-8d94-86c94969ed5b;11111111-1111-1111-1111-111111111107;7;大衛的認罪禱告;;;;;;詩篇 51;
15eb1368-3b66-4336-b323-25f8ac4a423a;11111111-1111-1111-1111-111111111105;26;仰望神;;;;;;詩篇 123-125;
09b35230-577b-4eff-9ef6-ce44b6456e53;11111111-1111-1111-1111-111111111107;8;以利亞的禱告;;;;;;"列王紀上 18:36-39; 雅各書 5:17-18";
8a04c322-df17-42c9-bcee-f14f2f3132e1;11111111-1111-1111-1111-111111111107;9;但以理的禱告;;;;;;但以理書 9:1-19;
668fb50f-5803-4bd8-a1cf-bff573f747bd;11111111-1111-1111-1111-111111111107;10;耶穌獨自禱告;;;;;;"馬可福音 1:35; 路加福音 5:16";
9bd67de6-98e1-47d7-bdb3-31843a6422bc;11111111-1111-1111-1111-111111111107;11;耶穌為門徒禱告;;;;;;約翰福音 17:1-26;
f222128f-3e85-49c9-ab1f-99bd40180a74;11111111-1111-1111-1111-111111111107;12;客西馬尼園的禱告;;;;;;馬太福音 26:36-46;
9b710f04-d672-4cf1-886d-7754c57a9a33;11111111-1111-1111-1111-111111111107;13;初代教會的禱告;;;;;;使徒行傳 4:23-31;
692e47c8-c1e4-4efb-a6c3-b501c0b763a9;11111111-1111-1111-1111-111111111107;14;聖靈幫助禱告;;;;;;羅馬書 8:26-27;
97a5ebf1-e370-4d38-a5ef-11dfcaf88184;11111111-1111-1111-1111-111111111107;15;不住地禱告;;;;;;帖撒羅尼迦前書 5:16-18;
9dff47b7-a635-482a-a01f-994aab83f16e;11111111-1111-1111-1111-111111111107;16;禱告的態度;;;;;;腓立比書 4:6-7;
144f7a67-5721-405a-a35e-e0f676155866;11111111-1111-1111-1111-111111111107;17;信心的禱告;;;;;;雅各書 5:13-18;
922b36bc-c755-41f9-b033-6b39c21a9f58;11111111-1111-1111-1111-111111111107;18;坦然無懼來到神前;;;;;;希伯來書 4:14-16;
655b4f9a-15c4-4424-91d0-18b89116f508;11111111-1111-1111-1111-111111111107;19;禱告的詩篇;;;;;;詩篇 5;
c65e7de4-f8fe-4746-b029-5225bf3d3cf5;11111111-1111-1111-1111-111111111107;20;讚美的禱告;;;;;;詩篇 145;
a09216dd-e1ee-4463-9231-24791733fa53;11111111-1111-1111-1111-111111111107;21;感恩的禱告;;;;;;詩篇 100;
f7095b9a-99bf-438c-aa60-7fec995945b5;11111111-1111-1111-1111-111111111110;1;聖靈的應許;;;;;;約翰福音 14:15-27;
4dfb08d5-e8cf-490f-b1ba-b57f210cb1a7;11111111-1111-1111-1111-111111111110;2;聖靈降臨;;;;;;使徒行傳 2:1-21;
c9d1e7e2-8b69-4e43-80d7-bedc1667be2c;11111111-1111-1111-1111-111111111110;3;聖靈的引導;;;;;;羅馬書 8:1-17;
81dcbe37-782d-4303-bafb-19f65be05dfc;11111111-1111-1111-1111-111111111110;4;聖靈的果子;;;;;;加拉太書 5:16-26;
6dec9ff7-8078-4e37-976d-ddf9edd1373a;11111111-1111-1111-1111-111111111110;5;聖靈的恩賜;;;;;;哥林多前書 12:1-11;
92f0b3c8-0724-4a3b-9951-de4ff53af3ce;11111111-1111-1111-1111-111111111110;6;恩賜的運用;;;;;;哥林多前書 12:12-31;
c3b8f495-e467-4699-a3f7-378698152b79;11111111-1111-1111-1111-111111111110;7;更大的恩賜;;;;;;哥林多前書 14:1-25;
59155e4e-1e9f-4b6e-b58f-dc37479a7e9d;11111111-1111-1111-1111-111111111110;8;聖靈的印記;;;;;;"以弗所書 1:13-14; 4:30";
ac8061fd-3df1-4402-83ab-659c64640890;11111111-1111-1111-1111-111111111110;9;被聖靈充滿;;;;;;以弗所書 5:15-21;
d3542ed9-678f-4dfd-a645-eada47dd9570;11111111-1111-1111-1111-111111111110;10;聖靈的能力;;;;;;使徒行傳 1:8;
439a651c-e248-4ee3-9b31-032e2178f559;11111111-1111-1111-1111-111111111110;11;聖靈與禱告;;;;;;羅馬書 8:26-27;
4282f2d6-21ef-4e9e-8cd0-996b103c9536;11111111-1111-1111-1111-111111111110;12;聖靈的見證;;;;;;約翰一書 5:6-12;
2a6a1ba2-63ad-46f0-8374-46280490712e;11111111-1111-1111-1111-111111111110;13;聖靈的合一;;;;;;以弗所書 4:1-6;
30438600-1783-4502-b9af-c81535800435;11111111-1111-1111-1111-111111111110;14;順從聖靈;;;;;;加拉太書 5:16-26;
34d191b8-c2ec-403f-bbbf-1765fa6df710;11111111-1111-1111-1111-111111111104;1;羅馬書(一);;;;;;羅馬書 1-3;
0e09ca08-a8dd-4920-b436-f849868f2711;11111111-1111-1111-1111-111111111104;2;羅馬書(二);;;;;;羅馬書 4-6;
05062971-f6e5-4029-ba4b-672d01d21dad;11111111-1111-1111-1111-111111111104;3;羅馬書(三);;;;;;羅馬書 7-8;
2686baa4-6fa8-4336-b907-5973bc892681;11111111-1111-1111-1111-111111111104;4;羅馬書(四);;;;;;羅馬書 9-11;
9119d107-8b14-4e41-8dd2-224113557309;11111111-1111-1111-1111-111111111104;5;羅馬書(五);;;;;;羅馬書 12-16;
af0eff5d-1bec-4d48-8498-58a5debbd6e2;11111111-1111-1111-1111-111111111104;6;哥林多前書(一);;;;;;哥林多前書 1-4;
0570b3cf-8833-40f3-b81f-13477ef536b1;11111111-1111-1111-1111-111111111104;7;哥林多前書(二);;;;;;哥林多前書 5-8;
8a209090-b872-4c8b-841a-7341815c4903;11111111-1111-1111-1111-111111111104;8;哥林多前書(三);;;;;;哥林多前書 9-12;
6fb04662-a637-4d45-9440-1cb6ab906b75;11111111-1111-1111-1111-111111111104;9;哥林多前書(四);;;;;;哥林多前書 13-16;
ccfd06b7-38e8-48d9-bf85-2b6c1d9f176d;11111111-1111-1111-1111-111111111104;10;哥林多後書(一);;;;;;哥林多後書 1-5;
3add5cfd-a9d2-4711-a7e4-0677ed4f8cf7;11111111-1111-1111-1111-111111111104;11;哥林多後書(二);;;;;;哥林多後書 6-10;
f1914ec1-5a8f-4cef-900a-70533bc8fc39;11111111-1111-1111-1111-111111111104;12;哥林多後書(三);;;;;;哥林多後書 11-13;
a3837f87-5afb-4a3a-a913-8a32c3dac389;11111111-1111-1111-1111-111111111104;13;加拉太書;;;;;;加拉太書 1-6;
9c1eb8ad-480a-4014-8513-c8d2dd4d566e;11111111-1111-1111-1111-111111111104;14;以弗所書;;;;;;以弗所書 1-6;
e21cd746-cd79-4904-b131-b175f33a64ed;11111111-1111-1111-1111-111111111104;15;腓立比書;;;;;;腓立比書 1-4;
5e310ffb-f480-4f1a-a4f5-817e0b2aec12;11111111-1111-1111-1111-111111111104;16;歌羅西書;;;;;;歌羅西書 1-4;
56d02cc5-561a-47e5-80aa-100a5c9cec68;11111111-1111-1111-1111-111111111104;17;帖撒羅尼迦前後書;;;;;;"帖撒羅尼迦前書 1-5; 帖撒羅尼迦後書 1-3";
f09a31f9-3f5c-4802-b476-51e9f671324a;11111111-1111-1111-1111-111111111104;18;提摩太前書;;;;;;提摩太前書 1-6;
684fa739-4c72-40fd-ab79-5d1f114dc201;11111111-1111-1111-1111-111111111104;19;提摩太後書;;;;;;提摩太後書 1-4;
cbafad8e-5b0b-4ee4-bc1c-02e62ededb00;11111111-1111-1111-1111-111111111104;20;提多書與腓利門書;;;;;;"提多書 1-3; 腓利門書 1";
508e072b-f909-455d-8a6c-457257075918;11111111-1111-1111-1111-111111111104;21;希伯來書精選;;;;;;希伯來書 11-12;
b6779f72-5e4d-42fc-955a-3f860aef09d0;11111111-1111-1111-1111-111111111105;1;有福之人;;;;;;詩篇 1;
7b2d0bd9-9352-4032-b60c-1a5b3750ec11;11111111-1111-1111-1111-111111111105;2;神的榮耀;;;;;;詩篇 8;
d8c37e43-734d-4dee-a2c8-5ceba6943d47;11111111-1111-1111-1111-111111111105;3;安穩信靠;;;;;;詩篇 16;
de20ce89-be00-4137-ae7a-40f89925d201;11111111-1111-1111-1111-111111111105;4;諸天述說神榮耀;;;;;;詩篇 19;
f15394e8-001a-4611-8f3f-7a9eb7cc247c;11111111-1111-1111-1111-111111111105;5;牧者詩篇;;;;;;詩篇 23;
1f3cdc92-8f4f-4ede-99aa-6414ac700164;11111111-1111-1111-1111-111111111105;6;尋求神面;;;;;;詩篇 27;
6612c0c6-4cd6-4540-ae1d-e0a5539feffa;11111111-1111-1111-1111-111111111105;7;認罪與赦免;;;;;;詩篇 32;
eb740317-0397-423e-81f2-aaa2a8d73044;11111111-1111-1111-1111-111111111105;8;以神為樂;;;;;;詩篇 37;
e3dc2c06-041a-40b8-8a73-75498b207875;11111111-1111-1111-1111-111111111105;9;渴慕神;;;;;;詩篇 42;
494af310-fc6e-49d0-95e3-07c013110ff1;11111111-1111-1111-1111-111111111105;10;神是避難所;;;;;;詩篇 46;
84485614-c818-4d4e-86fc-2c69a68c6d5d;11111111-1111-1111-1111-111111111105;11;憐憫我;;;;;;詩篇 51;
d60df16a-1c3e-4fbc-98f0-a3876a5ecf84;11111111-1111-1111-1111-111111111105;12;倚靠神;;;;;;詩篇 62;
32ca1a9c-58ad-431a-9798-c1f6cb82e8ca;11111111-1111-1111-1111-111111111105;13;渴慕神如鹿;;;;;;詩篇 63;
922e0987-e8db-4b4f-b4be-c4b8cf31be25;11111111-1111-1111-1111-111111111105;14;田野歡呼;;;;;;詩篇 65;
29bab07e-b4b7-4758-9d07-873a39d3f42a;11111111-1111-1111-1111-111111111105;15;神的居所;;;;;;詩篇 84;
43924839-8bfd-4fb9-b262-6d1a3003940d;11111111-1111-1111-1111-111111111105;16;住在至高者隱密處;;;;;;詩篇 91;
7fe6f781-fdb9-465d-ae04-a42b5831465d;11111111-1111-1111-1111-111111111105;17;歡樂歌唱;;;;;;詩篇 95-96;
f7f13b08-795a-45d4-9b72-846078dd3cf0;11111111-1111-1111-1111-111111111105;18;歡呼讚美;;;;;;詩篇 100;
b6d07cf5-e957-4fd0-96c2-7323ae6347dd;11111111-1111-1111-1111-111111111105;19;稱謝神;;;;;;詩篇 103;
c2da6f8c-697b-4e5a-b67f-7093378b4284;11111111-1111-1111-1111-111111111105;20;創造之歌;;;;;;詩篇 104;
23193c65-050f-47f3-8653-cf8160c75d5a;11111111-1111-1111-1111-111111111105;21;神的話是燈;;;;;;詩篇 119:1-48;
49335c74-6547-4e51-bf41-6961108ef358;11111111-1111-1111-1111-111111111105;22;神話語的寶貴;;;;;;詩篇 119:49-96;
3c9cb797-0767-47b8-b9b3-750aeaa1aed1;11111111-1111-1111-1111-111111111105;23;愛慕神的話;;;;;;詩篇 119:97-144;
da6904b6-ce21-4a91-974b-d8c65224b2ee;11111111-1111-1111-1111-111111111105;24;仰望神的話;;;;;;詩篇 119:145-176;
7cc5fe83-0bfa-4280-bc16-ad06b87c79e7;11111111-1111-1111-1111-111111111105;25;上行之詩;;;;;;詩篇 121-122;
bd0b29e4-7aa8-4756-9afd-0926c8c85b58;11111111-1111-1111-1111-111111111105;27;家庭蒙福;;;;;;詩篇 127-128;
5d2f6e93-27b8-4c3b-9538-ee24b22cae04;11111111-1111-1111-1111-111111111105;28;從深處呼求;;;;;;詩篇 130;
80407d37-e114-406b-891b-2e298999b419;11111111-1111-1111-1111-111111111105;29;弟兄和睦;;;;;;詩篇 133;
1c04d494-86f7-48b1-8001-9788c8709d04;11111111-1111-1111-1111-111111111105;30;稱謝神;;;;;;詩篇 145;
d9dec7a9-715e-4738-8b61-b79ef3f3a494;11111111-1111-1111-1111-111111111105;31;哈利路亞大合唱;;;;;;詩篇 146-150;
0d8296ee-9e09-4e36-a0ea-408a191f7a4e;11111111-1111-1111-1111-111111111112;1;神與我們同在;;;;;;以賽亞書 41:10;
92fa1568-35c1-41a0-a022-efeb2a78e410;11111111-1111-1111-1111-111111111112;2;平安的應許;;;;;;約翰福音 14:27;
12e03104-bf85-4d87-980b-ea4fcd365d94;11111111-1111-1111-1111-111111111112;3;力量的應許;;;;;;以賽亞書 40:28-31;
555a64d2-65eb-423a-b528-9a3f011c382e;11111111-1111-1111-1111-111111111112;4;引導的應許;;;;;;箴言 3:5-6;
c33d41f4-42bb-4bd0-9870-ae60422122b6;11111111-1111-1111-1111-111111111112;5;供應的應許;;;;;;腓立比書 4:19;
8c1355d9-10c5-4da4-b077-63ab862ae39d;11111111-1111-1111-1111-111111111112;6;安息的應許;;;;;;馬太福音 11:28-30;
659ba6d8-719e-45b2-9bd5-97b67ba56c6f;11111111-1111-1111-1111-111111111112;7;赦免的應許;;;;;;約翰一書 1:9;
1bf41bb4-cf1e-4a4c-974d-9459ac2fb5bb;11111111-1111-1111-1111-111111111112;8;智慧的應許;;;;;;雅各書 1:5;
0057bf2a-57f2-41cc-a935-92e8a8860a73;11111111-1111-1111-1111-111111111112;9;永生的應許;;;;;;約翰福音 3:16;
e60c0a2e-17fc-4c92-998f-23b2a80aaa1e;11111111-1111-1111-1111-111111111112;10;不離棄的應許;;;;;;希伯來書 13:5;
c2e861eb-f766-4d3a-849c-052fe69977d0;11111111-1111-1111-1111-111111111112;11;美好計劃;;;;;;耶利米書 29:11;
777ad793-2b42-4113-adb8-8a80a9fcdb7d;11111111-1111-1111-1111-111111111112;12;凡事都能;;;;;;腓立比書 4:13;
e4d2f655-cce6-41ae-a596-066398019814;11111111-1111-1111-1111-111111111112;13;超過所求所想;;;;;;以弗所書 3:20;
f2e2189f-03a1-448f-bf3e-37561663fb44;11111111-1111-1111-1111-111111111112;14;萬事互相效力;;;;;;羅馬書 8:28;
84cdbcf7-3374-4729-8541-a8f80d2cd025;11111111-1111-1111-1111-111111111112;15;得勝有餘;;;;;;羅馬書 8:37;
79c3968e-4a66-4bd2-b120-58ed557fd43d;11111111-1111-1111-1111-111111111112;16;新造的人;;;;;;哥林多後書 5:17;
51efa24f-ff68-447b-bcd4-74ea6d621e04;11111111-1111-1111-1111-111111111112;17;出人意外的平安;;;;;;腓立比書 4:6-7;
63f979e6-5059-495b-ba46-f199a5d8de46;11111111-1111-1111-1111-111111111112;18;更新變化;;;;;;羅馬書 12:2;
c3f3d64d-a281-48dd-8782-cae733985e86;11111111-1111-1111-1111-111111111112;19;神的愛永不止息;;;;;;羅馬書 8:38-39;
e0adfb11-dad0-4fe8-81e5-9798ac3d9f36;11111111-1111-1111-1111-111111111112;20;豐盛的生命;;;;;;約翰福音 10:10;
7d93ac4f-b72e-4b1d-afc2-754e1f74516a;11111111-1111-1111-1111-111111111112;21;常在主裡;;;;;;約翰福音 15:4-5;
1893f9d5-be89-45bd-b2e6-381a6a36f686;11111111-1111-1111-1111-111111111112;22;喜樂滿足;;;;;;約翰福音 15:11;
3f0076d2-ba83-4f25-91af-8d10ce24efb2;11111111-1111-1111-1111-111111111112;23;禱告蒙應允;;;;;;馬太福音 7:7-8;
ae3f1bfa-e623-4c2f-877d-4f2825b6e2ae;11111111-1111-1111-1111-111111111112;24;神必成全;;;;;;腓立比書 1:6;
f38f8856-716b-4436-a5ca-9067bdae8205;11111111-1111-1111-1111-111111111112;25;不再懼怕;;;;;;提摩太後書 1:7;
147f459d-d627-45d4-90c5-2341a471b61d;11111111-1111-1111-1111-111111111112;26;恩典夠用;;;;;;哥林多後書 12:9;
d865936a-5f71-4a97-b6a3-c5fc8072c42a;11111111-1111-1111-1111-111111111112;27;得著生命冠冕;;;;;;雅各書 1:12;
39f08556-9adc-4e5c-a210-fc0d7da884b6;11111111-1111-1111-1111-111111111112;28;必不缺乏;;;;;;詩篇 23:1;
f347dc5e-1d61-44b3-a8ec-9b2768705b84;11111111-1111-1111-1111-111111111112;29;天父必看顧;;;;;;馬太福音 6:25-34;
56bb60c5-c3e4-4eb1-b65a-937cf2f3a89e;11111111-1111-1111-1111-111111111112;30;主再來的應許;;;;;;約翰福音 14:1-3;
6edc40fd-6fe9-4f60-a95a-16239427ca65;11111111-1111-1111-1111-111111111111;1;道成肉身;;;;;;約翰福音 1:1-18;
3f3a5195-e59f-48ce-bc10-89737c4bfba4;11111111-1111-1111-1111-111111111111;2;耶穌降生;;;;;;路加福音 2:1-20;
74af93a6-dc47-408c-a93d-7b06a2201be4;11111111-1111-1111-1111-111111111111;3;博士來朝;;;;;;馬太福音 2:1-12;
3e637f6f-98de-43bc-a758-f047a405f1a1;11111111-1111-1111-1111-111111111111;4;逃往埃及;;;;;;馬太福音 2:13-23;
c4aa9bba-ceb2-4a2d-a6ca-8bc12a68ce0a;11111111-1111-1111-1111-111111111111;5;少年耶穌在聖殿;;;;;;路加福音 2:41-52;
621f67d7-36a3-4e65-b34d-e66ca29ac70c;11111111-1111-1111-1111-111111111111;6;耶穌受洗;;;;;;馬太福音 3:13-17;
6c853d8c-ca83-482f-910e-53753d53330b;11111111-1111-1111-1111-111111111111;7;曠野受試探;;;;;;馬太福音 4:1-11;
3205eee4-3d2c-43ae-8cb7-ab37c431e269;11111111-1111-1111-1111-111111111111;8;呼召門徒;;;;;;"馬太福音 4:18-22; 約翰福音 1:35-51";
88dc4148-1cb4-49ca-a843-9d4caf1a91ce;11111111-1111-1111-1111-111111111111;9;迦拿婚宴;;;;;;約翰福音 2:1-11;
f7641b76-41a1-420b-ae46-004d3c51177b;11111111-1111-1111-1111-111111111111;10;潔淨聖殿;;;;;;約翰福音 2:13-25;
6f12c837-b093-4a68-9241-fa9faf88f732;11111111-1111-1111-1111-111111111111;11;與尼哥底母談話;;;;;;約翰福音 3:1-21;
a4ea298b-47f5-43fe-ae10-1ef2f10cee45;11111111-1111-1111-1111-111111111111;12;撒瑪利亞婦人;;;;;;約翰福音 4:1-42;
c985a127-9247-4f27-98ee-6c794dcce806;11111111-1111-1111-1111-111111111111;13;登山寶訓(上);;;;;;馬太福音 5;
f33c9a4d-c9c7-48f5-8294-24a0335cf98f;11111111-1111-1111-1111-111111111111;14;登山寶訓(中);;;;;;馬太福音 6;
69169f21-7c60-4fd3-a9bd-392e89234558;11111111-1111-1111-1111-111111111111;15;登山寶訓(下);;;;;;馬太福音 7;
3f12318a-6022-40d2-8c1d-60aab9275dd3;11111111-1111-1111-1111-111111111111;16;醫治百夫長僕人;;;;;;馬太福音 8:5-13;
f111dad7-4cf1-4ae6-80e5-5abe58672299;11111111-1111-1111-1111-111111111111;17;平靜風浪;;;;;;馬可福音 4:35-41;
381df62b-e638-4734-9129-dfa9006a4279;11111111-1111-1111-1111-111111111111;18;格拉森被鬼附的人;;;;;;馬可福音 5:1-20;
949dc149-4d1a-4eb8-8181-5f7cfead16b7;11111111-1111-1111-1111-111111111111;19;睚魯的女兒;;;;;;馬可福音 5:21-43;
4190e11b-59a6-45b9-a5a7-9343f1d92e8b;11111111-1111-1111-1111-111111111111;20;五餅二魚;;;;;;馬太福音 14:13-21;
c7d95e02-3b81-4dc0-a352-16af95e5f7f4;11111111-1111-1111-1111-111111111111;21;行在水面;;;;;;馬太福音 14:22-33;
b42bfdab-64e2-46c5-a7e8-4197beec085d;11111111-1111-1111-1111-111111111111;22;生命的糧;;;;;;約翰福音 6:22-59;
e5a1b193-a57f-415d-bbfa-680754e15494;11111111-1111-1111-1111-111111111111;23;彼得認信;;;;;;馬太福音 16:13-28;
a649cdee-94b2-4d31-ad23-3e0e8d0f04cb;11111111-1111-1111-1111-111111111111;24;登山變像;;;;;;馬太福音 17:1-13;
0e6cfaff-35dc-4a1b-b883-d454902b8875;11111111-1111-1111-1111-111111111111;25;好撒瑪利亞人;;;;;;路加福音 10:25-37;
40482717-f3b2-480d-a594-bcfe7b72c32d;11111111-1111-1111-1111-111111111111;26;馬大與馬利亞;;;;;;路加福音 10:38-42;
d0cfdba6-d9a9-4c25-83a3-5ab46f5fd259;11111111-1111-1111-1111-111111111111;27;醫治生來瞎眼的人;;;;;;約翰福音 9;
63e065d7-28ab-495c-a5a6-74322099ed69;11111111-1111-1111-1111-111111111111;28;好牧人;;;;;;約翰福音 10:1-21;
9865a145-f4ad-41bf-a201-83153cd0b4c1;11111111-1111-1111-1111-111111111111;29;拉撒路復活;;;;;;約翰福音 11:1-44;
85004b51-d13f-4ae6-bcd5-e5201d44b286;11111111-1111-1111-1111-111111111111;30;浪子比喻;;;;;;路加福音 15:11-32;
fa39d510-86d0-4633-8e5d-353e49e28567;11111111-1111-1111-1111-111111111111;31;榮耀進城;;;;;;馬太福音 21:1-11;
08801e77-daac-4e9c-923c-fe2e0c978aea;11111111-1111-1111-1111-111111111111;32;最後晚餐;;;;;;約翰福音 13:1-17;
93e2bc0c-e40b-4e7c-8efc-1f54004c6908;11111111-1111-1111-1111-111111111111;33;葡萄樹與枝子;;;;;;約翰福音 15:1-17;
1739d8cb-8050-4e09-b523-aedb46afec70;11111111-1111-1111-1111-111111111111;34;聖靈保惠師;;;;;;"約翰福音 14:15-31; 16:5-15";
ee1f4200-bffa-4779-bd67-bb74fc8d0f2d;11111111-1111-1111-1111-111111111111;35;大祭司的禱告;;;;;;約翰福音 17;
0d2b4609-6a83-4c67-8b34-ea66c09fcaf1;11111111-1111-1111-1111-111111111111;36;客西馬尼園;;;;;;馬太福音 26:36-46;
289e207d-93d9-4b88-95ae-9453b2c26053;11111111-1111-1111-1111-111111111111;37;受審與定罪;;;;;;馬太福音 26:57-27:26;
10c475fc-eb52-488f-9539-969987a03d8a;11111111-1111-1111-1111-111111111111;38;十字架;;;;;;約翰福音 19:16-37;
350089cb-3631-483d-b45f-dfbbc732eefc;11111111-1111-1111-1111-111111111111;39;復活;;;;;;約翰福音 20:1-18;
c1d2a528-c4ef-4de8-99ab-e49dd9b368a2;11111111-1111-1111-1111-111111111111;40;升天與大使命;;;;;;"使徒行傳 1:1-11; 馬太福音 28:18-20";
231f639b-6099-4ea8-89c3-6acf41bf2bd8;11111111-1111-1111-1111-111111111102;1;馬太福音 1-3;;;;;;馬太福音 1-3;
4ad24c7d-fa58-4711-8274-0c210be7a13f;11111111-1111-1111-1111-111111111102;2;馬太福音 4-6;;;;;;馬太福音 4-6;
6f4d3b57-5000-4129-baa5-539c7f72acfe;11111111-1111-1111-1111-111111111102;3;馬太福音 7-9;;;;;;馬太福音 7-9;
bb188526-87b8-4235-9b98-9fb9038e2ee3;11111111-1111-1111-1111-111111111102;4;馬太福音 10-12;;;;;;馬太福音 10-12;
1db85641-8fc6-4662-8b3d-a05b739fbe75;11111111-1111-1111-1111-111111111102;5;馬太福音 13-15;;;;;;馬太福音 13-15;
21d0c2dd-e5b2-465f-8e96-9b1bd16b84a8;11111111-1111-1111-1111-111111111102;6;馬太福音 16-18;;;;;;馬太福音 16-18;
37129b3d-fe46-486d-ac19-0f377928ab6b;11111111-1111-1111-1111-111111111102;7;馬太福音 19-21;;;;;;馬太福音 19-21;
b228cb76-222f-4001-a4e7-20e930e97915;11111111-1111-1111-1111-111111111102;8;馬太福音 22-24;;;;;;馬太福音 22-24;
76890ee1-d70f-4de4-b91d-7359d062fab2;11111111-1111-1111-1111-111111111102;9;馬太福音 25-28;;;;;;馬太福音 25-28;
b24f142a-7dad-415c-b937-645630fa386b;11111111-1111-1111-1111-111111111102;10;馬可福音 1-4;;;;;;馬可福音 1-4;
17b7ab3c-f1d2-4b7c-abd7-0ef391c8ab62;11111111-1111-1111-1111-111111111102;11;馬可福音 5-8;;;;;;馬可福音 5-8;
c7e0d766-e157-4fb7-88aa-60c6c45aeeb9;11111111-1111-1111-1111-111111111102;12;馬可福音 9-12;;;;;;馬可福音 9-12;
5f210b77-47a9-4685-938d-20393929dd6e;11111111-1111-1111-1111-111111111102;13;馬可福音 13-16;;;;;;馬可福音 13-16;
98590f3e-785a-4ac2-9230-f66662040c14;11111111-1111-1111-1111-111111111102;14;路加福音 1-3;;;;;;路加福音 1-3;
ecefe523-91d4-448c-915f-236867b15993;11111111-1111-1111-1111-111111111102;15;路加福音 4-6;;;;;;路加福音 4-6;
d8501796-4ac4-453b-8ea4-bc84fa746f84;11111111-1111-1111-1111-111111111102;16;路加福音 7-9;;;;;;路加福音 7-9;
cd8979e6-cba7-4f49-8ef8-875fdc47479f;11111111-1111-1111-1111-111111111102;17;路加福音 10-12;;;;;;路加福音 10-12;
3878cf10-f79d-484b-ac81-b3e4eab0f158;11111111-1111-1111-1111-111111111102;18;路加福音 13-15;;;;;;路加福音 13-15;
09269acc-6767-4660-a0c8-fca16b2b615b;11111111-1111-1111-1111-111111111102;19;路加福音 16-18;;;;;;路加福音 16-18;
770e9ee0-bd21-4af0-b202-f54985d8ae87;11111111-1111-1111-1111-111111111102;20;路加福音 19-21;;;;;;路加福音 19-21;
bff697e2-4e16-42fe-a72f-f2380e97ace3;11111111-1111-1111-1111-111111111102;21;路加福音 22-24;;;;;;路加福音 22-24;
8ce3d0f3-2748-4a2f-a7ad-0d81ab2ba2e2;11111111-1111-1111-1111-111111111102;22;約翰福音 1-3;;;;;;約翰福音 1-3;
1db5a67a-2453-4948-9d80-315187ab9616;11111111-1111-1111-1111-111111111102;23;約翰福音 4-6;;;;;;約翰福音 4-6;
d4986d78-b426-4112-b659-13c63d1a079c;11111111-1111-1111-1111-111111111102;24;約翰福音 7-9;;;;;;約翰福音 7-9;
91b16097-410d-453c-bc15-b9851ad971c5;11111111-1111-1111-1111-111111111102;25;約翰福音 10-12;;;;;;約翰福音 10-12;
49651a04-bac8-4ce8-a4a9-ebe31c635302;11111111-1111-1111-1111-111111111102;26;約翰福音 13-15;;;;;;約翰福音 13-15;
5c33afe7-6737-47bf-bfce-776f1e66c364;11111111-1111-1111-1111-111111111102;27;約翰福音 16-18;;;;;;約翰福音 16-18;
bd0df4f1-304c-40bb-ac45-576286a0c96a;11111111-1111-1111-1111-111111111102;28;約翰福音 19-21;;;;;;約翰福音 19-21;
d201a1ee-a530-44af-b0a1-4924345548cc;11111111-1111-1111-1111-111111111102;29;使徒行傳 1-4;;;;;;使徒行傳 1-4;
9942efca-e8f6-45f2-8d39-b6430a540a42;11111111-1111-1111-1111-111111111102;30;使徒行傳 5-8;;;;;;使徒行傳 5-8;
579072ba-6104-468f-bd1e-f5b26aeaa975;11111111-1111-1111-1111-111111111102;31;使徒行傳 9-12;;;;;;使徒行傳 9-12;
74281d1a-6392-4a43-a1b9-f73ae9317761;11111111-1111-1111-1111-111111111102;32;使徒行傳 13-16;;;;;;使徒行傳 13-16;
198cc3e9-af37-4c2d-8d58-3519e765e9ca;11111111-1111-1111-1111-111111111102;33;使徒行傳 17-20;;;;;;使徒行傳 17-20;
4ca69d5b-d6e2-4d8d-b4d7-4de5a8d239c7;11111111-1111-1111-1111-111111111102;34;使徒行傳 21-24;;;;;;使徒行傳 21-24;
db97b5b3-4bb2-476c-95df-54610c339696;11111111-1111-1111-1111-111111111102;35;使徒行傳 25-28;;;;;;使徒行傳 25-28;
89707783-9630-4f22-98d9-18e3c45c4de0;11111111-1111-1111-1111-111111111102;36;羅馬書 1-4;;;;;;羅馬書 1-4;
86344f50-0b4c-4867-ad70-b68f60346f4f;11111111-1111-1111-1111-111111111102;37;羅馬書 5-8;;;;;;羅馬書 5-8;
1a0d6997-bab9-403f-a28d-5170922a780b;11111111-1111-1111-1111-111111111102;38;羅馬書 9-12;;;;;;羅馬書 9-12;
5ee7f94a-3a4e-498d-b562-f67349d87be2;11111111-1111-1111-1111-111111111102;39;羅馬書 13-16;;;;;;羅馬書 13-16;
78356dc8-d67d-450a-b33d-02f406be208d;11111111-1111-1111-1111-111111111102;40;哥林多前書 1-4;;;;;;哥林多前書 1-4;
69ec13bc-68d1-4686-a383-6eeb2fd6b5a8;11111111-1111-1111-1111-111111111102;41;哥林多前書 5-8;;;;;;哥林多前書 5-8;
f55e370c-869e-4e6c-b2a9-96329d6f2636;11111111-1111-1111-1111-111111111102;42;哥林多前書 9-12;;;;;;哥林多前書 9-12;
ad6aefca-987d-4d43-bab2-199bae6da9a2;11111111-1111-1111-1111-111111111102;43;哥林多前書 13-16;;;;;;哥林多前書 13-16;
61b98de8-7c07-4a14-a6cd-e9e4e1c830e6;11111111-1111-1111-1111-111111111102;44;哥林多後書 1-5;;;;;;哥林多後書 1-5;
1b35ed10-a8e9-46a3-ad41-698bdf394b89;11111111-1111-1111-1111-111111111102;45;哥林多後書 6-9;;;;;;哥林多後書 6-9;
a3151363-646d-4ec8-8a46-f3543bd11fa9;11111111-1111-1111-1111-111111111102;46;哥林多後書 10-13;;;;;;哥林多後書 10-13;
b5c04b14-7e37-4068-a16d-dc93d42ba78a;11111111-1111-1111-1111-111111111102;47;加拉太書 1-3;;;;;;加拉太書 1-3;
71966183-f007-4642-9f14-723b32c01435;11111111-1111-1111-1111-111111111102;48;加拉太書 4-6;;;;;;加拉太書 4-6;
a8150b0e-5132-44d5-adf1-54b4fd8f1904;11111111-1111-1111-1111-111111111102;49;以弗所書 1-3;;;;;;以弗所書 1-3;
af5c1f7e-6ac0-4a7f-a408-d0ec77dae176;11111111-1111-1111-1111-111111111102;50;以弗所書 4-6;;;;;;以弗所書 4-6;
822bd08a-0a46-451b-b231-bcdd359f7c94;11111111-1111-1111-1111-111111111102;51;腓立比書 1-4;;;;;;腓立比書 1-4;
7450cb1a-80b5-4f33-a5b3-f17ea5ca4c50;11111111-1111-1111-1111-111111111102;52;歌羅西書 1-4;;;;;;歌羅西書 1-4;
6e939bab-c1dc-4df4-bbb4-a43f69155cd4;11111111-1111-1111-1111-111111111102;53;帖撒羅尼迦前書 1-5;;;;;;帖撒羅尼迦前書 1-5;
5b3e0412-4959-461b-a901-1c6477e1216d;11111111-1111-1111-1111-111111111102;54;帖撒羅尼迦後書 1-3;;;;;;帖撒羅尼迦後書 1-3;
ecd266c9-c004-4d2e-b97c-339ff2a36de1;11111111-1111-1111-1111-111111111102;55;提摩太前書 1-3;;;;;;提摩太前書 1-3;
fb7b02ec-5472-4f4e-9b75-957fb28ead4f;11111111-1111-1111-1111-111111111102;56;提摩太前書 4-6;;;;;;提摩太前書 4-6;
b924d17c-9639-4fb0-bb9e-6909b1549d80;11111111-1111-1111-1111-111111111102;57;提摩太後書 1-4;;;;;;提摩太後書 1-4;
9cc3e705-4e7b-4854-8388-b5070d3dd997;11111111-1111-1111-1111-111111111102;58;提多書 1-3;;;;;;提多書 1-3;
c24be91b-7643-4c54-a9ca-7a7678bd76ed;11111111-1111-1111-1111-111111111102;59;腓利門書;;;;;;腓利門書 1;
601f348a-4c37-4f52-bdd4-20e72b6509d2;11111111-1111-1111-1111-111111111102;60;希伯來書 1-4;;;;;;希伯來書 1-4;
7399e09c-12d6-42f3-bf30-6d6ce838e283;11111111-1111-1111-1111-111111111102;61;希伯來書 5-8;;;;;;希伯來書 5-8;
072b2ad1-d9dd-45e7-8dfe-8a333b2cfbb4;11111111-1111-1111-1111-111111111102;62;希伯來書 9-10;;;;;;希伯來書 9-10;
e946a201-f9af-4e24-973c-f390b321f3e4;11111111-1111-1111-1111-111111111102;63;希伯來書 11-13;;;;;;希伯來書 11-13;
abc5b5dc-fd15-4ce3-adb6-f79900d0db50;11111111-1111-1111-1111-111111111102;64;雅各書 1-3;;;;;;雅各書 1-3;
a801f30f-c213-4378-9537-3de1056db41f;11111111-1111-1111-1111-111111111102;65;雅各書 4-5;;;;;;雅各書 4-5;
2f9ff2ef-8440-4ba4-a472-6983bf2ce9f0;11111111-1111-1111-1111-111111111102;66;彼得前書 1-3;;;;;;彼得前書 1-3;
16f4837e-96c8-4cd8-bed4-e2d1777cdf4b;11111111-1111-1111-1111-111111111102;67;彼得前書 4-5;;;;;;彼得前書 4-5;
ad01241c-c996-4739-bc1a-46092b225b80;11111111-1111-1111-1111-111111111102;68;彼得後書 1-3;;;;;;彼得後書 1-3;
8ff4bc16-5d65-4fff-8771-e32cbea8ddd3;11111111-1111-1111-1111-111111111102;69;約翰一書 1-3;;;;;;約翰一書 1-3;
7c034d01-ffd7-44af-a2cb-6366e6dfafba;11111111-1111-1111-1111-111111111102;70;約翰一書 4-5;;;;;;約翰一書 4-5;
b62535d0-aa5d-4fab-a024-becf0e6d2199;11111111-1111-1111-1111-111111111102;71;約翰二書、三書;;;;;;"約翰二書 1; 約翰三書 1";
33d4ee7e-c95c-4eeb-b52b-9f1f80b5d6ae;11111111-1111-1111-1111-111111111102;72;猶大書;;;;;;猶大書 1;
83d0ad4b-e514-4a46-9a45-53752d7999b4;11111111-1111-1111-1111-111111111102;73;啟示錄 1-3;;;;;;啟示錄 1-3;
68b6c886-d189-44ff-8935-b4041a42e1b0;11111111-1111-1111-1111-111111111102;74;啟示錄 4-6;;;;;;啟示錄 4-6;
7f06b463-6872-46f3-b496-533e49f8970d;11111111-1111-1111-1111-111111111102;75;啟示錄 7-9;;;;;;啟示錄 7-9;
088912a9-4518-48ba-9b7c-ef9bdabc225c;11111111-1111-1111-1111-111111111102;76;啟示錄 10-12;;;;;;啟示錄 10-12;
20bc9a20-b24b-465a-af7a-b6770ac57ba1;11111111-1111-1111-1111-111111111102;77;啟示錄 13-15;;;;;;啟示錄 13-15;
2befffac-5c57-44d8-bafc-8413ad5c1026;11111111-1111-1111-1111-111111111102;78;啟示錄 16-18;;;;;;啟示錄 16-18;
f4c42196-5b26-4190-8ef2-771829c10488;11111111-1111-1111-1111-111111111102;79;啟示錄 19-22;;;;;;啟示錄 19-22;
a497b223-a28b-44ea-835e-ed34829a8389;11111111-1111-1111-1111-111111111102;80;複習：四福音精華;;;;;;馬太福音 5-7;
e3d0c3a2-7309-42ba-8786-9c90bae46a6b;11111111-1111-1111-1111-111111111102;81;複習：使徒行傳精華;;;;;;使徒行傳 2;
b6e45bc1-1bd7-4db2-9e91-04b491934f66;11111111-1111-1111-1111-111111111102;82;複習：羅馬書精華;;;;;;羅馬書 8;
2e9b9a13-3003-4cd8-b824-f02c6d59f568;11111111-1111-1111-1111-111111111102;83;複習：哥林多前書精華;;;;;;"哥林多前書 13; 15";
5ee6f4dc-5060-488a-b25c-7749d74b7517;11111111-1111-1111-1111-111111111102;84;複習：以弗所書精華;;;;;;以弗所書 1-2;
ceb54daf-9d90-45a2-b2b3-4accf0c35da1;11111111-1111-1111-1111-111111111102;85;複習：腓立比書精華;;;;;;腓立比書 2-4;
886b3934-f7ac-4580-b30b-0ade7ccec5c6;11111111-1111-1111-1111-111111111102;86;複習：希伯來書精華;;;;;;希伯來書 11-12;
81ebe8aa-5263-4697-b9bf-78567c2c150c;11111111-1111-1111-1111-111111111102;87;複習：雅各書精華;;;;;;雅各書 1-2;
21019aad-e3ff-4dc9-9fa0-7928857cd898;11111111-1111-1111-1111-111111111102;88;複習：約翰書信精華;;;;;;約翰一書 3-4;
7a68843d-2360-4e0b-b0a1-65ce44726bb0;11111111-1111-1111-1111-111111111102;89;複習：啟示錄精華(上);;;;;;啟示錄 1-3;
a5663a1e-84d9-4b1e-aca9-b7b9b7965df0;11111111-1111-1111-1111-111111111102;90;複習：啟示錄精華(下);;;;;;啟示錄 21-22;